Age,TypeofContact,CityTier,DurationOfPitch,Occupation,Gender,NumberOfPersonVisiting,NumberOfFollowups,ProductPitched,PreferredPropertyStar,MaritalStatus,NumberOfTrips,Passport,PitchSatisfactionScore,OwnCar,NumberOfChildrenVisiting,Designation,MonthlyIncome
34.0,Company Invited,1,9.0,Salaried,Male,2,4.0,Basic,3.0,Married,4.0,0,1,0,0.0,Executive,17979.0
32.0,Self Enquiry,1,6.0,Salaried,Male,3,3.0,Deluxe,4.0,Divorced,2.0,0,3,0,0.0,Manager,21220.0
30.0,Self Enquiry,3,11.0,Salaried,Female,2,3.0,Standard,3.0,Divorced,3.0,0,4,1,1.0,Senior Manager,24419.0
39.0,Self Enquiry,3,9.0,Small Business,Male,3,4.0,Standard,4.0,Unmarried,2.0,0,4,1,2.0,Senior Manager,26029.0
37.0,Company Invited,1,31.0,Salaried,Female,3,4.0,Deluxe,4.0,Married,2.0,0,3,1,2.0,Manager,24352.0
34.0,Self Enquiry,1,9.0,Salaried,Male,3,4.0,Basic,3.0,Single,2.0,0,3,0,2.0,Executive,21178.0
27.0,Company Invited,1,7.0,Salaried,Female,4,6.0,Basic,3.0,Married,5.0,0,4,1,3.0,Executive,23042.0
30.0,Self Enquiry,3,6.0,Salaried,Male,3,4.0,Deluxe,5.0,Married,2.0,0,4,1,1.0,Manager,24714.0
53.0,Company Invited,1,32.0,Small Business,Female,3,5.0,Super Deluxe,3.0,Married,5.0,0,5,0,2.0,AVP,32504.0
55.0,Company Invited,1,7.0,Salaried,Female,3,4.0,Standard,3.0,Married,2.0,0,5,1,2.0,Senior Manager,29180.0
46.0,Company Invited,1,6.0,Small Business,Male,2,4.0,Standard,5.0,Divorced,3.0,1,2,1,1.0,Senior Manager,25673.0
39.0,Company Invited,1,19.0,Salaried,Male,2,5.0,Deluxe,5.0,Married,4.0,0,5,1,1.0,Manager,24966.0
54.0,Company Invited,2,32.0,Salaried,Female,1,2.0,Super Deluxe,3.0,Single,3.0,1,3,1,0.0,AVP,32328.0
42.0,Self Enquiry,1,19.0,Small Business,Male,3,1.0,Deluxe,5.0,Married,6.0,0,4,1,0.0,Manager,20538.0
33.0,Self Enquiry,1,12.0,Salaried,Female,3,2.0,Basic,3.0,Married,5.0,0,5,1,2.0,Executive,21990.0
35.0,Self Enquiry,1,6.0,Small Business,Male,1,4.0,Basic,3.0,Single,2.0,0,4,1,0.0,Executive,17859.0
39.0,Self Enquiry,1,16.0,Small Business,Male,3,3.0,Standard,3.0,Unmarried,1.0,0,3,1,0.0,Senior Manager,28464.0
29.0,Self Enquiry,1,17.0,Salaried,Female,3,4.0,Deluxe,3.0,Unmarried,5.0,0,4,1,2.0,Manager,22338.0
23.0,Company Invited,1,11.0,Large Business,Male,3,5.0,Basic,3.0,Unmarried,7.0,0,5,1,1.0,Executive,22572.0
37.0,Company Invited,1,15.0,Small Business,Male,2,3.0,Basic,3.0,Divorced,2.0,1,2,0,0.0,Executive,17326.0
33.0,Self Enquiry,1,10.0,Small Business,Female,4,4.0,Deluxe,5.0,Married,3.0,0,1,1,1.0,Manager,25403.0
33.0,Self Enquiry,1,7.0,Salaried,Male,4,4.0,Basic,5.0,Unmarried,3.0,0,1,0,2.0,Executive,21634.0
50.0,Company Invited,1,25.0,Salaried,Male,4,4.0,Deluxe,3.0,Married,3.0,1,1,0,1.0,Manager,25482.0
42.0,Self Enquiry,1,6.0,Salaried,Female,2,4.0,Deluxe,3.0,Married,1.0,1,3,0,0.0,Manager,21062.0
43.0,Company Invited,1,33.0,Small Business,Female,3,4.0,Standard,5.0,Married,5.0,1,3,0,1.0,Senior Manager,31869.0
36.0,Company Invited,1,15.0,Salaried,Male,3,1.0,Basic,4.0,Married,2.0,0,5,1,0.0,Executive,17810.0
27.0,Self Enquiry,3,8.0,Small Business,Female,2,1.0,Deluxe,3.0,Unmarried,1.0,0,1,0,1.0,Manager,21500.0
29.0,Self Enquiry,3,16.0,Salaried,Male,4,4.0,Deluxe,3.0,Unmarried,3.0,0,3,1,2.0,Manager,23931.0
34.0,Self Enquiry,1,12.0,Salaried,Female,4,5.0,Basic,3.0,Divorced,3.0,0,2,0,3.0,Executive,21589.0
41.0,Self Enquiry,3,21.0,Salaried,Female,3,4.0,Deluxe,5.0,Married,3.0,0,3,0,2.0,Manager,23317.0
32.0,Self Enquiry,3,20.0,Small Business,Male,4,5.0,Deluxe,5.0,Married,7.0,1,1,1,1.0,Manager,20980.0
50.0,Company Invited,2,9.0,Small Business,Male,3,3.0,King,4.0,Married,2.0,0,1,1,2.0,VP,33200.0
24.0,Company Invited,3,30.0,Small Business,Male,2,3.0,Basic,3.0,Married,1.0,0,4,1,1.0,Executive,17400.0
43.0,Self Enquiry,1,7.0,Salaried,Female,3,5.0,Deluxe,3.0,Married,2.0,1,3,0,1.0,Manager,24740.0
39.0,Self Enquiry,1,16.0,Small Business,Male,3,3.0,Deluxe,5.0,Married,3.0,0,5,1,2.0,Manager,20377.0
55.0,Self Enquiry,1,6.0,Small Business,Male,2,3.0,King,5.0,Single,1.0,1,1,1,1.0,VP,34045.0
33.0,Company Invited,1,10.0,Salaried,Female,3,4.0,Basic,3.0,Unmarried,3.0,0,4,1,1.0,Executive,24887.0
34.0,Self Enquiry,3,23.0,Salaried,Female,4,4.0,Standard,5.0,Unmarried,4.0,1,5,0,1.0,Senior Manager,27242.0
25.0,Self Enquiry,1,25.0,Salaried,Male,3,4.0,Basic,3.0,Married,2.0,0,4,0,1.0,Executive,21452.0
30.0,Self Enquiry,1,24.0,Salaried,Female,3,3.0,Basic,3.0,Single,2.0,0,1,1,2.0,Executive,17632.0
32.0,Company Invited,3,12.0,Small Business,Female,3,4.0,Basic,4.0,Married,3.0,0,3,0,1.0,Executive,21467.0
34.0,Company Invited,1,12.0,Salaried,Female,4,4.0,Standard,4.0,Divorced,8.0,0,3,1,3.0,Senior Manager,30556.0
50.0,Self Enquiry,1,30.0,Salaried,Male,3,3.0,Super Deluxe,3.0,Married,4.0,1,4,1,2.0,AVP,28973.0
33.0,Self Enquiry,1,6.0,Salaried,Male,3,4.0,Basic,5.0,Single,4.0,1,4,0,0.0,Executive,17799.0
36.0,Company Invited,3,18.0,Small Business,Male,3,4.0,Deluxe,3.0,Married,3.0,0,5,0,1.0,Manager,23646.0
50.0,Company Invited,1,25.0,Salaried,Male,4,4.0,Deluxe,3.0,Married,3.0,1,2,0,2.0,Manager,25482.0
49.0,Company Invited,3,14.0,Small Business,Female,4,4.0,Basic,3.0,Married,4.0,1,4,1,2.0,Executive,21333.0
37.0,Company Invited,3,14.0,Small Business,Female,3,2.0,Deluxe,5.0,Divorced,4.0,0,1,1,1.0,Manager,23317.0
30.0,Self Enquiry,1,24.0,Salaried,Female,3,3.0,Basic,3.0,Single,2.0,0,2,1,0.0,Executive,17632.0
23.0,Self Enquiry,1,7.0,Salaried,Male,4,4.0,Basic,3.0,Unmarried,2.0,0,3,0,3.0,Executive,22053.0
34.0,Self Enquiry,1,33.0,Small Business,Female,3,3.0,Basic,4.0,Single,3.0,0,3,0,0.0,Executive,17311.0
52.0,Self Enquiry,3,28.0,Small Business,Male,4,4.0,Deluxe,3.0,Unmarried,2.0,1,5,0,3.0,Manager,24119.0
27.0,Company Invited,3,36.0,Small Business,Male,4,6.0,Deluxe,5.0,Unmarried,2.0,0,3,0,1.0,Manager,23647.0
40.0,Company Invited,3,30.0,Salaried,Female,3,1.0,Super Deluxe,4.0,Unmarried,5.0,1,3,1,2.0,AVP,28194.0
44.0,Self Enquiry,1,8.0,Salaried,Female,3,1.0,Basic,3.0,Divorced,2.0,0,4,1,0.0,Executive,17011.0
27.0,Company Invited,1,9.0,Salaried,Male,3,4.0,Basic,5.0,Married,8.0,1,5,0,1.0,Executive,20720.0
42.0,Company Invited,1,12.0,Salaried,Male,4,5.0,Basic,5.0,Married,8.0,0,3,1,1.0,Executive,20785.0
28.0,Self Enquiry,3,9.0,Small Business,Male,3,4.0,Basic,5.0,Married,2.0,0,5,0,2.0,Executive,21719.0
59.0,Self Enquiry,1,12.0,Large Business,Female,3,5.0,Standard,4.0,Married,4.0,1,5,1,2.0,Senior Manager,29230.0
40.0,Self Enquiry,3,28.0,Salaried,Male,3,5.0,Deluxe,3.0,Divorced,5.0,1,1,0,2.0,Manager,24798.0
29.0,Company Invited,2,7.0,Salaried,Male,3,4.0,Basic,3.0,Married,3.0,0,4,0,2.0,Executive,21384.0
35.0,Self Enquiry,1,15.0,Salaried,Female,3,4.0,Deluxe,5.0,Married,5.0,0,5,1,1.0,Manager,23799.0
34.0,Self Enquiry,2,15.0,Large Business,Female,2,3.0,Basic,3.0,Divorced,2.0,0,1,1,0.0,Executive,17742.0
36.0,Self Enquiry,1,10.0,Salaried,Male,2,4.0,Deluxe,3.0,Single,2.0,0,5,1,1.0,Manager,20810.0
41.0,Company Invited,1,16.0,Salaried,Male,3,4.0,Super Deluxe,5.0,Married,5.0,0,2,1,0.0,AVP,32181.0
46.0,Company Invited,1,6.0,Small Business,Male,2,4.0,Standard,5.0,Married,3.0,1,1,1,1.0,Senior Manager,25673.0
27.0,Self Enquiry,3,36.0,Small Business,Male,3,4.0,Deluxe,3.0,Married,7.0,0,5,1,1.0,Manager,22984.0
32.0,Company Invited,3,27.0,Salaried,Male,4,2.0,Basic,3.0,Married,2.0,0,5,1,1.0,Executive,21469.0
38.0,Self Enquiry,1,26.0,Salaried,Male,4,4.0,Basic,4.0,Married,6.0,0,4,0,2.0,Executive,21700.0
34.0,Company Invited,3,29.0,Small Business,Male,4,4.0,Deluxe,4.0,Married,2.0,0,1,0,1.0,Manager,24824.0
51.0,Self Enquiry,2,11.0,Salaried,Male,2,3.0,Super Deluxe,4.0,Married,2.0,1,3,1,1.0,AVP,29026.0
40.0,Self Enquiry,1,8.0,Small Business,Female,2,4.0,Basic,3.0,Single,1.0,1,3,1,1.0,Executive,17342.0
49.0,Self Enquiry,1,13.0,Salaried,Male,2,4.0,Standard,3.0,Unmarried,1.0,0,1,1,0.0,Senior Manager,25965.0
48.0,Self Enquiry,1,16.0,Salaried,Female,4,4.0,Basic,3.0,Single,6.0,0,3,1,1.0,Executive,20783.0
29.0,Self Enquiry,3,26.0,Small Business,Male,2,3.0,Deluxe,3.0,Married,3.0,0,1,1,0.0,Manager,21931.0
25.0,Company Invited,3,31.0,Small Business,Male,3,4.0,Basic,3.0,Married,2.0,0,4,1,2.0,Executive,21078.0
35.0,Self Enquiry,3,23.0,Salaried,Male,3,3.0,Deluxe,5.0,Married,4.0,1,3,0,2.0,Manager,23966.0
30.0,Self Enquiry,3,17.0,Small Business,Female,3,5.0,Deluxe,4.0,Married,3.0,1,5,1,1.0,Manager,26946.0
35.0,Self Enquiry,1,29.0,Salaried,Male,2,4.0,Deluxe,3.0,Married,4.0,1,4,1,0.0,Manager,20916.0
36.0,Self Enquiry,1,8.0,Salaried,Female,3,3.0,Basic,3.0,Married,5.0,0,5,1,0.0,Executive,17543.0
50.0,Self Enquiry,3,5.0,Small Business,Male,2,3.0,King,3.0,Married,5.0,1,5,0,1.0,VP,34331.0
44.0,Self Enquiry,3,32.0,Small Business,Male,4,5.0,Standard,3.0,Married,7.0,0,4,1,2.0,Senior Manager,29476.0
38.0,Self Enquiry,3,8.0,Small Business,Male,2,3.0,Standard,4.0,Unmarried,1.0,0,4,1,0.0,Senior Manager,22351.0
37.0,Self Enquiry,1,14.0,Salaried,Male,4,4.0,Basic,4.0,Single,4.0,0,1,0,3.0,Executive,20691.0
32.0,Self Enquiry,2,9.0,Salaried,Male,4,5.0,Deluxe,5.0,Divorced,5.0,0,3,0,2.0,Manager,25088.0
42.0,Company Invited,3,17.0,Salaried,Male,3,4.0,Deluxe,3.0,Unmarried,2.0,0,2,0,2.0,Manager,24908.0
50.0,Self Enquiry,1,34.0,Small Business,Male,3,2.0,Basic,3.0,Divorced,2.0,1,2,1,2.0,Executive,18221.0
25.0,Company Invited,1,14.0,Salaried,Female,3,4.0,Basic,3.0,Married,3.0,1,4,0,1.0,Executive,21564.0
19.0,Self Enquiry,1,15.0,Salaried,Male,2,3.0,Basic,5.0,Single,2.0,0,3,0,0.0,Executive,17552.0
41.0,Self Enquiry,3,17.0,Small Business,Male,4,5.0,Standard,4.0,Married,4.0,0,4,0,1.0,Senior Manager,28383.0
47.0,Company Invited,1,25.0,Small Business,Female,3,4.0,Standard,3.0,Divorced,7.0,0,3,1,1.0,Senior Manager,29205.0
32.0,Company Invited,3,27.0,Small Business,Female,3,4.0,Deluxe,3.0,Divorced,3.0,0,2,1,1.0,Manager,25610.0
44.0,Self Enquiry,3,34.0,Small Business,Female,2,1.0,Super Deluxe,3.0,Divorced,4.0,1,2,1,1.0,AVP,28320.0
51.0,Self Enquiry,3,15.0,Small Business,Male,3,4.0,Basic,4.0,Divorced,2.0,0,2,1,1.0,Executive,22553.0
37.0,Self Enquiry,1,7.0,Salaried,Female,2,4.0,Deluxe,3.0,Married,2.0,0,1,0,0.0,Manager,21474.0
36.0,Self Enquiry,1,7.0,Small Business,Male,4,5.0,Basic,5.0,Single,3.0,0,1,0,3.0,Executive,21128.0
30.0,Self Enquiry,1,15.0,Salaried,Male,4,6.0,Basic,5.0,Divorced,3.0,1,3,1,2.0,Executive,20797.0
43.0,Self Enquiry,3,21.0,Small Business,Female,4,5.0,Deluxe,3.0,Unmarried,2.0,0,3,1,1.0,Manager,24922.0
28.0,Self Enquiry,3,9.0,Salaried,Male,4,4.0,Deluxe,3.0,Unmarried,3.0,1,4,0,2.0,Manager,23156.0
33.0,Self Enquiry,1,9.0,Large Business,Male,3,5.0,Deluxe,5.0,Single,6.0,0,4,0,2.0,Manager,20854.0
35.0,Self Enquiry,1,28.0,Salaried,Female,3,2.0,Standard,4.0,Married,1.0,0,5,1,1.0,Senior Manager,26996.0
43.0,Company Invited,3,32.0,Salaried,Male,3,3.0,Super Deluxe,3.0,Married,2.0,1,1,1,0.0,AVP,31959.0
26.0,Self Enquiry,1,11.0,Large Business,Male,3,4.0,Basic,3.0,Divorced,3.0,1,3,1,1.0,Executive,22369.0
30.0,Company Invited,1,9.0,Small Business,Male,3,5.0,Basic,5.0,Unmarried,2.0,0,4,1,2.0,Executive,22017.0
29.0,Self Enquiry,3,20.0,Small Business,Female,3,4.0,Deluxe,3.0,Unmarried,5.0,1,5,1,2.0,Manager,28532.0
37.0,Company Invited,3,7.0,Small Business,Female,3,4.0,Deluxe,3.0,Unmarried,6.0,0,2,1,2.0,Manager,25331.0
47.0,Company Invited,1,7.0,Small Business,Male,3,5.0,Standard,5.0,Married,4.0,1,1,1,2.0,Senior Manager,29351.0
52.0,Self Enquiry,1,10.0,Small Business,Female,4,4.0,Super Deluxe,4.0,Single,5.0,0,5,0,2.0,AVP,32412.0
34.0,Self Enquiry,1,9.0,Salaried,Male,3,4.0,Basic,3.0,Single,2.0,0,3,1,1.0,Executive,21178.0
33.0,Company Invited,3,16.0,Small Business,Male,3,6.0,Deluxe,3.0,Married,2.0,0,1,0,2.0,Manager,23346.0
52.0,Self Enquiry,3,17.0,Salaried,Female,4,4.0,Standard,4.0,Married,7.0,0,1,1,3.0,Senior Manager,31820.0
35.0,Company Invited,1,6.0,Small Business,Male,3,3.0,Basic,5.0,Divorced,5.0,0,2,0,1.0,Executive,17194.0
26.0,Self Enquiry,1,29.0,Salaried,Female,2,3.0,Basic,3.0,Married,2.0,0,3,0,0.0,Executive,17886.0
53.0,Self Enquiry,1,15.0,Small Business,Male,3,5.0,Deluxe,4.0,Divorced,4.0,0,2,1,2.0,Manager,23619.0
47.0,Company Invited,1,25.0,Small Business,Female,3,4.0,Standard,3.0,Married,7.0,0,3,0,2.0,Senior Manager,29205.0
28.0,Self Enquiry,1,18.0,Salaried,Male,4,4.0,Basic,5.0,Divorced,2.0,0,5,1,3.0,Executive,20777.0
33.0,Self Enquiry,3,16.0,Small Business,Male,2,3.0,Deluxe,3.0,Single,2.0,0,1,0,0.0,Manager,20487.0
31.0,Company Invited,3,26.0,Small Business,Female,2,3.0,Deluxe,3.0,Married,2.0,0,1,1,1.0,Manager,21932.0
39.0,Company Invited,1,16.0,Salaried,Male,4,4.0,Deluxe,5.0,Married,6.0,0,3,0,3.0,Manager,25571.0
47.0,Self Enquiry,3,7.0,Small Business,Female,4,4.0,Standard,5.0,Married,3.0,0,2,1,2.0,Senior Manager,29131.0
34.0,Self Enquiry,1,6.0,Salaried,Male,2,3.0,Basic,3.0,Married,2.0,0,3,1,1.0,Executive,17691.0
28.0,Self Enquiry,1,18.0,Salaried,Female,3,3.0,Basic,3.0,Divorced,2.0,1,4,1,0.0,Executive,17515.0
33.0,Self Enquiry,1,7.0,Salaried,Male,4,4.0,Deluxe,4.0,Divorced,3.0,0,3,0,1.0,Manager,24898.0
39.0,Self Enquiry,3,14.0,Small Business,Female,3,3.0,Deluxe,5.0,Married,3.0,1,3,0,1.0,Manager,24283.0
31.0,Company Invited,1,6.0,Salaried,Female,3,1.0,Standard,4.0,Unmarried,2.0,0,3,1,2.0,Senior Manager,22446.0
30.0,Self Enquiry,1,16.0,Salaried,Male,2,5.0,Basic,3.0,Unmarried,2.0,0,2,1,1.0,Executive,22661.0
45.0,Company Invited,1,13.0,Salaried,Male,3,3.0,Standard,5.0,Married,2.0,0,2,1,2.0,Senior Manager,20210.0
32.0,Self Enquiry,1,7.0,Salaried,Male,4,5.0,Basic,5.0,Divorced,3.0,0,4,0,1.0,Executive,20896.0
42.0,Self Enquiry,1,8.0,Small Business,Female,2,4.0,Basic,5.0,Married,1.0,1,4,1,1.0,Executive,17593.0
52.0,Self Enquiry,1,11.0,Salaried,Male,3,4.0,Basic,3.0,Married,2.0,1,1,0,1.0,Executive,21139.0
34.0,Self Enquiry,1,6.0,Salaried,Female,3,1.0,Basic,3.0,Single,3.0,0,1,1,1.0,Executive,18280.0
35.0,Self Enquiry,1,12.0,Small Business,Female,3,5.0,Standard,5.0,Single,4.0,0,2,0,1.0,Senior Manager,30309.0
52.0,Self Enquiry,1,12.0,Large Business,Male,3,3.0,Deluxe,5.0,Married,4.0,1,4,1,2.0,Manager,20577.0
45.0,Company Invited,1,9.0,Small Business,Male,3,4.0,Standard,3.0,Single,7.0,1,1,0,2.0,Senior Manager,28887.0
28.0,Company Invited,1,10.0,Small Business,Male,4,5.0,Basic,3.0,Married,3.0,1,1,0,3.0,Executive,21244.0
42.0,Company Invited,1,25.0,Small Business,Male,2,2.0,Basic,3.0,Married,7.0,1,3,1,1.0,Executive,17759.0
59.0,Company Invited,1,9.0,Salaried,Male,3,5.0,Basic,3.0,Married,2.0,1,1,1,1.0,Executive,21058.0
37.0,Self Enquiry,1,13.0,Salaried,Male,3,4.0,Basic,3.0,Married,2.0,0,5,1,2.0,Executive,21888.0
47.0,Self Enquiry,1,15.0,Salaried,Female,4,5.0,Deluxe,5.0,Married,2.0,1,1,1,3.0,Manager,23293.0
59.0,Company Invited,1,20.0,Salaried,Female,2,3.0,Standard,3.0,Unmarried,1.0,1,5,1,0.0,Senior Manager,25512.0
44.0,Self Enquiry,3,11.0,Small Business,Female,3,5.0,Standard,3.0,Single,5.0,0,3,1,1.0,Senior Manager,28909.0
21.0,Company Invited,1,16.0,Salaried,Female,2,4.0,Basic,3.0,Single,2.0,0,4,1,0.0,Executive,17625.0
20.0,Self Enquiry,3,8.0,Small Business,Female,2,4.0,Basic,3.0,Single,2.0,0,4,1,0.0,Executive,17044.0
49.0,Self Enquiry,1,6.0,Salaried,Male,2,3.0,Super Deluxe,3.0,Single,5.0,0,3,1,0.0,AVP,30379.0
33.0,Self Enquiry,1,15.0,Small Business,Male,2,3.0,Basic,3.0,Divorced,1.0,0,2,1,0.0,Executive,17781.0
30.0,Self Enquiry,3,7.0,Small Business,Female,3,5.0,Basic,3.0,Married,8.0,1,1,1,2.0,Executive,21478.0
57.0,Self Enquiry,1,15.0,Salaried,Female,4,4.0,Basic,5.0,Married,6.0,1,4,1,2.0,Executive,22935.0
36.0,Self Enquiry,1,7.0,Salaried,Female,3,2.0,Basic,3.0,Single,5.0,0,3,0,1.0,Executive,21184.0
41.0,Company Invited,1,23.0,Small Business,Male,3,5.0,Deluxe,3.0,Unmarried,8.0,0,5,0,1.0,Manager,23772.0
32.0,Company Invited,3,8.0,Salaried,Female,3,3.0,Basic,5.0,Married,2.0,0,3,1,0.0,Executive,17827.0
55.0,Self Enquiry,1,26.0,Large Business,Male,2,3.0,Deluxe,3.0,Married,4.0,1,1,0,0.0,Manager,20415.0
46.0,Self Enquiry,1,7.0,Small Business,Female,4,4.0,Basic,3.0,Married,5.0,0,5,0,2.0,Executive,20948.0
33.0,Company Invited,1,9.0,Salaried,Female,2,3.0,Basic,3.0,Divorced,2.0,1,5,1,1.0,Executive,17909.0
22.0,Self Enquiry,1,17.0,Salaried,Female,3,5.0,Basic,5.0,Single,3.0,0,3,0,2.0,Executive,20094.0
33.0,Self Enquiry,3,8.0,Small Business,Male,3,3.0,Deluxe,3.0,Married,2.0,0,3,1,1.0,Manager,20505.0
46.0,Self Enquiry,3,8.0,Large Business,Female,3,5.0,Super Deluxe,4.0,Married,4.0,1,5,1,0.0,AVP,31872.0
47.0,Self Enquiry,3,9.0,Large Business,Female,4,6.0,Super Deluxe,4.0,Married,5.0,1,5,1,1.0,AVP,35550.0
31.0,Company Invited,3,6.0,Salaried,Female,2,3.0,Basic,4.0,Single,2.0,1,5,1,1.0,Executive,17302.0
38.0,Self Enquiry,1,35.0,Large Business,Male,2,3.0,Deluxe,3.0,Married,4.0,0,1,0,0.0,Manager,21261.0
26.0,Self Enquiry,3,16.0,Salaried,Male,4,5.0,Basic,5.0,Divorced,5.0,0,1,1,1.0,Executive,23078.0
59.0,Self Enquiry,1,9.0,Small Business,Female,2,1.0,Basic,5.0,Married,5.0,1,1,0,1.0,Executive,17670.0
32.0,Self Enquiry,1,12.0,Large Business,Male,3,4.0,Basic,3.0,Divorced,2.0,1,4,0,2.0,Executive,23499.0
37.0,Self Enquiry,3,16.0,Salaried,Male,3,5.0,Deluxe,5.0,Unmarried,2.0,0,2,0,1.0,Manager,22085.0
46.0,Self Enquiry,3,8.0,Large Business,Female,3,5.0,Super Deluxe,4.0,Divorced,4.0,1,5,1,2.0,AVP,31872.0
35.0,Company Invited,1,10.0,Salaried,Male,3,4.0,Deluxe,3.0,Unmarried,2.0,0,1,1,1.0,Manager,26434.0
36.0,Self Enquiry,3,17.0,Small Business,Male,3,5.0,Standard,5.0,Married,2.0,0,5,1,2.0,Senior Manager,28984.0
35.0,Self Enquiry,1,31.0,Small Business,Female,2,3.0,Standard,3.0,Married,2.0,1,3,1,1.0,Senior Manager,25388.0
34.0,Self Enquiry,1,13.0,Salaried,Female,2,3.0,Standard,4.0,Unmarried,1.0,0,5,0,0.0,Senior Manager,26994.0
27.0,Self Enquiry,1,23.0,Small Business,Male,3,4.0,Basic,4.0,Married,4.0,1,1,1,1.0,Executive,21051.0
41.0,Self Enquiry,1,25.0,Salaried,Male,2,3.0,Deluxe,5.0,Married,3.0,0,1,0,0.0,Manager,18072.0
54.0,Self Enquiry,2,25.0,Small Business,Male,2,3.0,Standard,4.0,Married,3.0,0,3,1,1.0,Senior Manager,25725.0
49.0,Self Enquiry,1,13.0,Salaried,Male,2,3.0,Standard,4.0,Married,4.0,0,4,0,1.0,Senior Manager,25466.0
37.0,Self Enquiry,1,15.0,Large Business,Female,3,4.0,Standard,3.0,Married,3.0,0,4,1,2.0,Senior Manager,28774.0
53.0,Self Enquiry,3,12.0,Small Business,Male,2,3.0,Deluxe,3.0,Married,3.0,1,5,0,1.0,Manager,17306.0
32.0,Self Enquiry,1,6.0,Small Business,Male,2,3.0,Deluxe,3.0,Divorced,2.0,1,4,1,0.0,Manager,21162.0
42.0,Company Invited,1,14.0,Salaried,Male,3,3.0,King,3.0,Married,2.0,0,5,1,1.0,VP,33430.0
36.0,Company Invited,1,11.0,Salaried,Male,3,5.0,Basic,3.0,Divorced,3.0,0,2,1,1.0,Executive,21054.0
50.0,Self Enquiry,1,14.0,Salaried,Male,3,5.0,Standard,3.0,Single,2.0,0,1,1,1.0,Senior Manager,29643.0
41.0,Self Enquiry,2,6.0,Salaried,Male,2,4.0,King,3.0,Married,2.0,0,1,1,1.0,VP,34189.0
36.0,Self Enquiry,3,7.0,Small Business,Male,4,4.0,Standard,4.0,Married,3.0,0,4,0,1.0,Senior Manager,25973.0
48.0,Self Enquiry,1,11.0,Salaried,Female,4,5.0,Standard,4.0,Married,2.0,1,4,1,3.0,Senior Manager,29011.0
31.0,Self Enquiry,1,14.0,Salaried,Male,3,4.0,Deluxe,3.0,Married,3.0,0,5,1,2.0,Manager,22169.0
29.0,Company Invited,1,16.0,Salaried,Female,3,3.0,Basic,4.0,Married,1.0,0,5,1,0.0,Executive,18291.0
47.0,Company Invited,3,33.0,Salaried,Female,3,1.0,Deluxe,3.0,Unmarried,5.0,1,4,0,1.0,Manager,21397.0
30.0,Self Enquiry,1,22.0,Salaried,Male,3,4.0,Basic,3.0,Single,3.0,0,3,1,2.0,Executive,21018.0
46.0,Self Enquiry,1,15.0,Salaried,Male,4,4.0,Deluxe,3.0,Married,2.0,0,3,1,1.0,Manager,22375.0
38.0,Self Enquiry,1,32.0,Small Business,Female,3,5.0,Deluxe,3.0,Married,2.0,0,3,1,1.0,Manager,24409.0
46.0,Company Invited,3,13.0,Small Business,Female,3,5.0,Standard,3.0,Unmarried,8.0,0,4,1,1.0,Senior Manager,27543.0
28.0,Self Enquiry,1,6.0,Salaried,Female,3,5.0,Basic,4.0,Single,1.0,1,2,1,0.0,Executive,17216.0
38.0,Self Enquiry,1,28.0,Salaried,Male,4,3.0,Basic,5.0,Divorced,3.0,1,3,0,3.0,Executive,22242.0
38.0,Self Enquiry,3,10.0,Salaried,Male,3,4.0,Standard,3.0,Unmarried,4.0,0,3,0,2.0,Senior Manager,26106.0
36.0,Self Enquiry,3,9.0,Salaried,Male,2,4.0,Standard,3.0,Married,2.0,1,1,1,0.0,Senior Manager,25325.0
44.0,Self Enquiry,1,14.0,Salaried,Female,3,4.0,Standard,5.0,Divorced,2.0,0,5,1,1.0,Senior Manager,28663.0
31.0,Self Enquiry,1,15.0,Salaried,Male,2,4.0,Basic,4.0,Single,1.0,1,3,1,0.0,Executive,17657.0
40.0,Self Enquiry,1,7.0,Small Business,Female,4,4.0,Basic,3.0,Married,2.0,0,3,1,1.0,Executive,20910.0
22.0,Self Enquiry,1,17.0,Salaried,Female,3,5.0,Basic,5.0,Single,3.0,0,3,1,1.0,Executive,20094.0
28.0,Company Invited,1,6.0,Small Business,Male,2,3.0,Basic,3.0,Single,1.0,1,4,0,0.0,Executive,17154.0
39.0,Company Invited,1,13.0,Salaried,Male,4,5.0,Deluxe,3.0,Married,4.0,0,4,1,2.0,Manager,23999.0
39.0,Self Enquiry,3,14.0,Small Business,Female,3,2.0,Deluxe,5.0,Married,3.0,1,3,1,2.0,Manager,24283.0
36.0,Self Enquiry,1,32.0,Large Business,Male,4,5.0,Standard,4.0,Married,5.0,0,3,1,2.0,Senior Manager,29581.0
30.0,Self Enquiry,3,22.0,Salaried,Male,3,3.0,Deluxe,3.0,Divorced,1.0,0,3,0,2.0,Manager,20301.0
42.0,Self Enquiry,1,14.0,Large Business,Female,3,2.0,Basic,3.0,Married,3.0,0,3,0,1.0,Executive,22054.0
26.0,Company Invited,1,8.0,Salaried,Male,2,3.0,Basic,5.0,Married,7.0,1,5,0,0.0,Executive,17042.0
20.0,Self Enquiry,1,17.0,Small Business,Female,3,4.0,Basic,5.0,Single,2.0,1,3,1,2.0,Executive,17600.0
39.0,Company Invited,3,17.0,Large Business,Female,3,4.0,Deluxe,3.0,Unmarried,3.0,1,3,0,2.0,Manager,24344.0
33.0,Self Enquiry,3,31.0,Small Business,Male,2,4.0,Standard,4.0,Unmarried,3.0,1,5,1,0.0,Senior Manager,23380.0
31.0,Self Enquiry,1,10.0,Large Business,Female,3,4.0,Basic,5.0,Unmarried,7.0,1,4,1,2.0,Executive,21335.0
38.0,Self Enquiry,1,32.0,Small Business,Female,3,5.0,Deluxe,3.0,Married,2.0,0,3,0,2.0,Manager,24409.0
45.0,Self Enquiry,1,36.0,Salaried,Male,3,4.0,Deluxe,3.0,Unmarried,3.0,0,5,1,2.0,Manager,23219.0
28.0,Self Enquiry,1,16.0,Small Business,Female,3,4.0,Basic,4.0,Single,3.0,0,3,1,1.0,Executive,20957.0
27.0,Self Enquiry,1,14.0,Salaried,Male,4,2.0,Basic,5.0,Unmarried,2.0,0,1,1,1.0,Executive,22256.0
44.0,Company Invited,3,22.0,Salaried,Male,3,5.0,Deluxe,3.0,Married,5.0,0,5,1,1.0,Manager,25482.0
25.0,Self Enquiry,3,25.0,Small Business,Male,2,4.0,Basic,4.0,Married,2.0,1,1,0,1.0,Executive,17413.0
33.0,Self Enquiry,1,8.0,Small Business,Male,3,3.0,Basic,3.0,Single,5.0,0,3,0,2.0,Executive,17496.0
35.0,Self Enquiry,3,10.0,Large Business,Male,2,3.0,Standard,5.0,Unmarried,1.0,1,4,1,1.0,Senior Manager,24582.0
41.0,Self Enquiry,3,29.0,Small Business,Male,4,5.0,Deluxe,3.0,Married,4.0,1,3,1,1.0,Manager,25058.0
26.0,Self Enquiry,1,23.0,Small Business,Male,3,5.0,Basic,3.0,Married,2.0,0,3,0,2.0,Executive,17305.0
39.0,Company Invited,1,19.0,Salaried,Male,3,5.0,Deluxe,5.0,Married,4.0,0,5,1,1.0,Manager,24966.0
30.0,Self Enquiry,1,14.0,Salaried,Female,3,1.0,Standard,5.0,Married,1.0,1,1,0,2.0,Senior Manager,26416.0
45.0,Company Invited,1,31.0,Small Business,Male,3,6.0,Basic,3.0,Unmarried,4.0,0,3,0,2.0,Executive,22386.0
51.0,Self Enquiry,1,17.0,Large Business,Female,2,4.0,Super Deluxe,4.0,Unmarried,4.0,0,1,0,1.0,AVP,28142.0
50.0,Company Invited,1,6.0,Salaried,Female,3,3.0,King,4.0,Married,4.0,1,1,0,2.0,VP,33172.0
34.0,Self Enquiry,1,25.0,Salaried,Female,2,4.0,Basic,3.0,Married,2.0,0,4,1,1.0,Executive,17929.0
27.0,Self Enquiry,1,13.0,Small Business,Female,2,4.0,Deluxe,5.0,Unmarried,1.0,0,3,1,0.0,Manager,21811.0
46.0,Company Invited,1,13.0,Small Business,Female,1,3.0,Deluxe,3.0,Married,3.0,0,5,1,0.0,Manager,20258.0
29.0,Self Enquiry,3,33.0,Small Business,Female,2,3.0,Standard,3.0,Divorced,2.0,0,3,1,1.0,Senior Manager,22639.0
21.0,Self Enquiry,1,18.0,Small Business,Female,4,5.0,Basic,5.0,Unmarried,3.0,1,3,0,2.0,Executive,21278.0
32.0,Self Enquiry,1,9.0,Small Business,Female,3,3.0,Deluxe,5.0,Divorced,2.0,0,2,1,1.0,Manager,21725.0
40.0,Company Invited,3,34.0,Salaried,Male,2,5.0,Standard,5.0,Married,4.0,0,5,0,1.0,Senior Manager,25932.0
22.0,Self Enquiry,1,25.0,Salaried,Female,4,4.0,Basic,3.0,Unmarried,3.0,0,3,1,2.0,Executive,21371.0
50.0,Company Invited,1,8.0,Small Business,Female,1,3.0,Super Deluxe,5.0,Divorced,3.0,0,3,1,0.0,AVP,32856.0
23.0,Self Enquiry,1,14.0,Salaried,Male,4,4.0,Basic,4.0,Single,3.0,1,3,1,1.0,Executive,21150.0
53.0,Self Enquiry,1,6.0,Salaried,Male,3,4.0,Standard,4.0,Single,2.0,0,3,1,2.0,Senior Manager,29123.0
54.0,Self Enquiry,1,23.0,Large Business,Female,2,3.0,Standard,3.0,Married,1.0,0,5,0,0.0,Senior Manager,25739.0
28.0,Self Enquiry,1,16.0,Small Business,Female,5,4.0,Basic,4.0,Single,3.0,0,3,0,2.0,Executive,20957.0
18.0,Self Enquiry,3,15.0,Small Business,Male,2,3.0,Basic,3.0,Single,2.0,0,5,0,1.0,Executive,16611.0
36.0,Company Invited,1,29.0,Small Business,Male,2,1.0,Deluxe,3.0,Married,5.0,0,3,0,0.0,Manager,17571.0
27.0,Company Invited,1,9.0,Small Business,Male,2,3.0,Basic,3.0,Divorced,2.0,0,2,1,0.0,Executive,16706.0
36.0,Self Enquiry,1,13.0,Salaried,Male,3,6.0,Deluxe,3.0,Unmarried,3.0,0,5,1,1.0,Manager,25324.0
46.0,Self Enquiry,3,9.0,Small Business,Male,2,3.0,Super Deluxe,3.0,Married,4.0,0,1,1,0.0,AVP,32465.0
36.0,Self Enquiry,3,25.0,Small Business,Female,3,4.0,Deluxe,3.0,Married,3.0,0,4,1,2.0,Manager,23279.0
31.0,Self Enquiry,3,22.0,Small Business,Male,3,3.0,Standard,3.0,Married,3.0,0,5,1,0.0,Senior Manager,23161.0
55.0,Self Enquiry,3,8.0,Small Business,Male,2,3.0,Deluxe,3.0,Single,5.0,0,1,1,0.0,Manager,20160.0
52.0,Company Invited,1,7.0,Small Business,Female,2,5.0,Standard,5.0,Unmarried,5.0,0,2,1,1.0,Senior Manager,26162.0
35.0,Self Enquiry,1,13.0,Salaried,Female,3,4.0,Deluxe,3.0,Unmarried,3.0,0,3,1,1.0,Manager,23487.0
41.0,Self Enquiry,3,9.0,Small Business,Female,4,4.0,Deluxe,4.0,Married,5.0,0,3,1,2.0,Manager,24355.0
34.0,Self Enquiry,1,35.0,Small Business,Male,2,3.0,Deluxe,3.0,Divorced,5.0,0,3,0,0.0,Manager,20429.0
29.0,Self Enquiry,3,33.0,Salaried,Male,3,5.0,Deluxe,5.0,Divorced,3.0,0,4,1,1.0,Manager,23402.0
34.0,Self Enquiry,1,7.0,Salaried,Female,3,5.0,Deluxe,3.0,Unmarried,2.0,0,4,0,1.0,Manager,25627.0
41.0,Company Invited,3,16.0,Small Business,Male,2,5.0,Deluxe,4.0,Single,2.0,0,1,1,0.0,Manager,21151.0
41.0,Self Enquiry,3,23.0,Small Business,Male,4,4.0,Standard,3.0,Married,4.0,0,5,0,2.0,Senior Manager,22222.0
49.0,Company Invited,1,16.0,Salaried,Female,2,3.0,King,5.0,Single,1.0,1,3,0,0.0,VP,33665.0
40.0,Company Invited,1,14.0,Small Business,Male,2,4.0,Standard,4.0,Married,3.0,0,1,1,1.0,Senior Manager,28757.0
29.0,Self Enquiry,1,15.0,Salaried,Male,3,1.0,Basic,3.0,Married,7.0,0,5,1,0.0,Executive,17451.0
29.0,Company Invited,1,8.0,Small Business,Male,2,4.0,Basic,5.0,Single,1.0,0,4,1,1.0,Executive,18339.0
54.0,Company Invited,3,9.0,Small Business,Female,3,5.0,Standard,4.0,Married,4.0,0,1,1,1.0,Senior Manager,26203.0
38.0,Self Enquiry,1,21.0,Salaried,Female,4,4.0,Basic,5.0,Married,3.0,0,4,1,1.0,Executive,21712.0
21.0,Company Invited,1,13.0,Salaried,Female,4,5.0,Basic,3.0,Unmarried,3.0,1,2,1,2.0,Executive,21604.0
35.0,Self Enquiry,1,9.0,Small Business,Female,3,5.0,Basic,5.0,Unmarried,3.0,0,1,1,1.0,Executive,23059.0
30.0,Company Invited,1,21.0,Salaried,Female,3,4.0,Standard,3.0,Unmarried,2.0,1,5,1,1.0,Senior Manager,26231.0
32.0,Company Invited,3,14.0,Small Business,Female,4,4.0,Standard,5.0,Married,4.0,0,1,1,3.0,Senior Manager,28315.0
50.0,Self Enquiry,3,6.0,Small Business,Female,3,3.0,King,3.0,Married,4.0,0,1,1,0.0,VP,34517.0
38.0,Company Invited,1,8.0,Salaried,Male,2,3.0,Basic,3.0,Divorced,2.0,1,5,1,1.0,Executive,16702.0
31.0,Self Enquiry,3,23.0,Salaried,Male,4,4.0,Deluxe,3.0,Divorced,2.0,0,3,0,3.0,Manager,23979.0
57.0,Self Enquiry,1,30.0,Salaried,Male,2,1.0,Standard,3.0,Married,4.0,1,4,1,0.0,Senior Manager,24439.0
25.0,Self Enquiry,1,9.0,Salaried,Male,2,3.0,Basic,5.0,Married,5.0,0,5,1,0.0,Executive,16118.0
19.0,Self Enquiry,1,31.0,Salaried,Female,2,1.0,Basic,3.0,Single,2.0,1,5,1,0.0,Executive,17994.0
37.0,Company Invited,1,18.0,Salaried,Male,4,5.0,Deluxe,4.0,Unmarried,3.0,0,4,1,2.0,Manager,25177.0
44.0,Self Enquiry,1,9.0,Salaried,Male,2,3.0,King,3.0,Married,5.0,1,1,0,1.0,VP,34513.0
32.0,Self Enquiry,3,14.0,Salaried,Male,3,5.0,Basic,3.0,Divorced,5.0,0,4,1,2.0,Executive,21007.0
26.0,Self Enquiry,3,33.0,Small Business,Female,3,4.0,Deluxe,3.0,Unmarried,3.0,0,4,0,1.0,Manager,24858.0
45.0,Self Enquiry,1,7.0,Salaried,Male,4,2.0,Deluxe,5.0,Married,4.0,0,3,1,3.0,Manager,23711.0
50.0,Self Enquiry,1,7.0,Large Business,Female,3,5.0,Super Deluxe,3.0,Single,2.0,1,3,1,1.0,AVP,32642.0
22.0,Self Enquiry,1,25.0,Small Business,Male,3,3.0,Basic,3.0,Married,2.0,0,1,1,0.0,Executive,17323.0
38.0,Self Enquiry,2,6.0,Salaried,Male,2,1.0,Basic,3.0,Married,2.0,0,4,1,0.0,Executive,17844.0
29.0,Self Enquiry,1,15.0,Small Business,Female,2,3.0,Basic,3.0,Married,1.0,0,5,1,1.0,Executive,17974.0
58.0,Self Enquiry,1,7.0,Salaried,Male,4,2.0,Deluxe,3.0,Divorced,2.0,0,3,1,3.0,Manager,23578.0
43.0,Company Invited,3,33.0,Small Business,Female,4,4.0,Super Deluxe,4.0,Married,7.0,0,3,1,2.0,AVP,32203.0
27.0,Self Enquiry,1,31.0,Large Business,Male,4,6.0,Basic,3.0,Single,3.0,1,3,0,2.0,Executive,21018.0
31.0,Company Invited,1,7.0,Small Business,Female,3,4.0,Deluxe,3.0,Unmarried,3.0,0,3,1,1.0,Manager,22689.0
30.0,Self Enquiry,2,20.0,Salaried,Male,3,5.0,Basic,5.0,Married,6.0,1,5,1,2.0,Executive,21013.0
30.0,Self Enquiry,1,15.0,Salaried,Female,3,6.0,Deluxe,5.0,Married,5.0,0,1,0,1.0,Manager,28393.0
41.0,Company Invited,1,16.0,Small Business,Male,3,4.0,Basic,4.0,Married,2.0,1,4,0,2.0,Executive,22295.0
34.0,Self Enquiry,1,22.0,Small Business,Male,3,4.0,Standard,3.0,Married,2.0,1,5,1,1.0,Senior Manager,32288.0
50.0,Self Enquiry,3,18.0,Small Business,Female,4,4.0,Deluxe,3.0,Unmarried,5.0,0,4,0,2.0,Manager,23185.0
36.0,Self Enquiry,1,30.0,Salaried,Male,3,5.0,Deluxe,3.0,Divorced,5.0,1,4,1,2.0,Manager,24594.0
50.0,Company Invited,1,15.0,Salaried,Male,4,5.0,Deluxe,4.0,Divorced,3.0,0,3,1,3.0,Manager,23808.0
46.0,Self Enquiry,1,12.0,Small Business,Female,3,6.0,Deluxe,5.0,Unmarried,3.0,1,3,1,1.0,Manager,24447.0
27.0,Company Invited,1,7.0,Salaried,Female,4,6.0,Basic,3.0,Married,5.0,0,4,1,1.0,Executive,23042.0
31.0,Self Enquiry,1,35.0,Small Business,Female,4,4.0,Deluxe,3.0,Married,3.0,0,3,1,3.0,Manager,24453.0
20.0,Company Invited,3,15.0,Small Business,Female,2,3.0,Basic,3.0,Single,2.0,1,4,0,0.0,Executive,17323.0
36.0,Self Enquiry,1,30.0,Small Business,Male,4,6.0,Basic,3.0,Married,2.0,0,1,1,1.0,Executive,21383.0
33.0,Self Enquiry,3,7.0,Small Business,Female,3,4.0,Standard,3.0,Married,3.0,0,5,1,1.0,Senior Manager,29100.0
31.0,Self Enquiry,3,12.0,Salaried,Female,3,4.0,Standard,3.0,Married,4.0,0,4,1,2.0,Senior Manager,28097.0
33.0,Self Enquiry,1,11.0,Salaried,Female,4,5.0,Deluxe,3.0,Married,3.0,0,4,1,2.0,Manager,24840.0
31.0,Company Invited,1,21.0,Small Business,Male,3,3.0,Basic,3.0,Divorced,2.0,0,4,1,2.0,Executive,17610.0
42.0,Self Enquiry,3,27.0,Small Business,Female,4,4.0,Basic,4.0,Unmarried,3.0,1,4,0,2.0,Executive,21818.0
28.0,Self Enquiry,1,15.0,Small Business,Male,3,3.0,Basic,3.0,Divorced,2.0,0,2,1,1.0,Executive,17070.0
54.0,Self Enquiry,3,7.0,Small Business,Female,3,4.0,Deluxe,5.0,Unmarried,2.0,0,1,1,2.0,Manager,27059.0
44.0,Company Invited,3,9.0,Salaried,Male,4,4.0,Deluxe,3.0,Married,3.0,0,3,1,3.0,Manager,24353.0
30.0,Self Enquiry,3,10.0,Small Business,Female,4,4.0,Deluxe,3.0,Divorced,3.0,0,2,0,1.0,Manager,24239.0
41.0,Self Enquiry,3,8.0,Salaried,Male,2,3.0,Super Deluxe,4.0,Single,2.0,0,3,1,1.0,AVP,31015.0
29.0,Self Enquiry,3,29.0,Salaried,Female,2,4.0,Standard,5.0,Married,2.0,0,3,1,1.0,Senior Manager,22336.0
52.0,Self Enquiry,1,9.0,Small Business,Male,3,6.0,Deluxe,4.0,Married,7.0,0,2,0,1.0,Manager,24160.0
30.0,Self Enquiry,1,34.0,Small Business,Female,4,4.0,Deluxe,3.0,Divorced,6.0,0,2,1,1.0,Manager,23013.0
29.0,Company Invited,3,20.0,Large Business,Female,3,4.0,Deluxe,4.0,Unmarried,7.0,0,3,1,1.0,Manager,22545.0
33.0,Self Enquiry,1,11.0,Salaried,Male,2,4.0,Standard,3.0,Married,5.0,0,3,0,0.0,Senior Manager,22119.0
29.0,Company Invited,3,7.0,Salaried,Male,3,5.0,Deluxe,3.0,Married,3.0,1,1,0,1.0,Manager,25512.0
43.0,Company Invited,1,35.0,Large Business,Female,3,5.0,Deluxe,3.0,Married,2.0,0,3,0,2.0,Manager,23201.0
32.0,Company Invited,1,10.0,Salaried,Female,3,4.0,Basic,3.0,Unmarried,3.0,0,4,1,2.0,Executive,22762.0
18.0,Company Invited,1,20.0,Small Business,Female,2,3.0,Basic,3.0,Single,2.0,0,5,1,0.0,Executive,16514.0
33.0,Self Enquiry,1,17.0,Small Business,Male,2,4.0,Standard,3.0,Single,4.0,0,1,0,1.0,Senior Manager,29922.0
39.0,Self Enquiry,1,12.0,Small Business,Male,2,4.0,Standard,5.0,Married,5.0,0,4,1,0.0,Senior Manager,24991.0
50.0,Company Invited,1,28.0,Small Business,Male,2,5.0,Super Deluxe,3.0,Single,2.0,1,1,1,1.0,AVP,29411.0
49.0,Company Invited,1,16.0,Salaried,Female,2,3.0,King,5.0,Single,1.0,1,3,0,1.0,VP,33665.0
37.0,Self Enquiry,1,7.0,Salaried,Female,3,4.0,Deluxe,4.0,Divorced,2.0,0,5,0,1.0,Manager,23906.0
59.0,Self Enquiry,1,8.0,Salaried,Female,3,4.0,Super Deluxe,3.0,Single,4.0,1,5,0,2.0,AVP,28726.0
35.0,Self Enquiry,1,12.0,Small Business,Female,3,5.0,Standard,5.0,Single,4.0,0,1,1,2.0,Senior Manager,30309.0
38.0,Self Enquiry,1,7.0,Large Business,Female,3,4.0,Standard,3.0,Unmarried,6.0,0,5,1,1.0,Senior Manager,26169.0
52.0,Self Enquiry,1,18.0,Large Business,Female,3,5.0,Super Deluxe,4.0,Single,5.0,0,1,0,2.0,AVP,31820.0
36.0,Self Enquiry,1,18.0,Small Business,Male,3,4.0,Basic,3.0,Married,2.0,1,5,0,1.0,Executive,21338.0
32.0,Company Invited,1,36.0,Small Business,Male,4,5.0,Basic,4.0,Unmarried,2.0,0,3,1,3.0,Executive,22157.0
23.0,Company Invited,1,11.0,Large Business,Male,4,5.0,Basic,3.0,Unmarried,7.0,0,5,0,1.0,Executive,22572.0
28.0,Self Enquiry,1,14.0,Salaried,Female,3,3.0,Basic,3.0,Single,2.0,0,4,1,1.0,Executive,18310.0
31.0,Company Invited,1,9.0,Small Business,Male,3,3.0,Standard,3.0,Married,1.0,0,4,1,0.0,Senior Manager,28675.0
44.0,Self Enquiry,1,14.0,Salaried,Male,3,1.0,Basic,3.0,Married,3.0,1,3,1,0.0,Executive,17818.0
39.0,Self Enquiry,1,6.0,Small Business,Male,2,1.0,Standard,3.0,Married,1.0,0,3,1,0.0,Senior Manager,24613.0
44.0,Self Enquiry,2,6.0,Salaried,Female,2,3.0,Basic,3.0,Married,5.0,1,3,1,0.0,Executive,18195.0
33.0,Self Enquiry,1,13.0,Salaried,Male,3,4.0,Basic,3.0,Unmarried,5.0,0,1,0,2.0,Executive,21716.0
39.0,Company Invited,1,8.0,Salaried,Male,2,3.0,Super Deluxe,3.0,Married,1.0,0,3,1,0.0,AVP,27169.0
34.0,Self Enquiry,1,16.0,Small Business,Male,3,4.0,Basic,3.0,Divorced,2.0,0,2,1,1.0,Executive,21459.0
32.0,Company Invited,3,12.0,Small Business,Female,3,4.0,Basic,4.0,Married,3.0,0,3,0,2.0,Executive,21467.0
43.0,Self Enquiry,1,19.0,Small Business,Male,3,4.0,Basic,4.0,Married,2.0,0,1,1,2.0,Executive,21444.0
42.0,Company Invited,1,9.0,Salaried,Female,4,5.0,Deluxe,3.0,Unmarried,4.0,1,1,0,1.0,Manager,25489.0
34.0,Self Enquiry,3,15.0,Small Business,Male,3,4.0,Deluxe,3.0,Married,2.0,0,1,0,1.0,Manager,25782.0
34.0,Self Enquiry,2,9.0,Salaried,Male,3,4.0,Basic,3.0,Divorced,3.0,0,2,0,1.0,Executive,22278.0
50.0,Self Enquiry,3,18.0,Small Business,Female,3,4.0,Standard,3.0,Married,3.0,0,4,0,1.0,Senior Manager,26332.0
43.0,Self Enquiry,3,22.0,Small Business,Female,3,3.0,Super Deluxe,3.0,Divorced,6.0,1,3,0,1.0,AVP,31064.0
31.0,Self Enquiry,1,13.0,Salaried,Male,2,3.0,Deluxe,3.0,Married,4.0,0,3,1,0.0,Manager,20915.0
37.0,Self Enquiry,1,6.0,Salaried,Female,2,4.0,Deluxe,3.0,Divorced,2.0,0,2,1,1.0,Manager,21474.0
26.0,Company Invited,1,6.0,Salaried,Female,2,3.0,Deluxe,4.0,Married,2.0,0,5,1,1.0,Manager,21397.0
38.0,Self Enquiry,1,17.0,Salaried,Female,3,4.0,Basic,5.0,Married,2.0,1,3,1,2.0,Executive,21460.0
58.0,Self Enquiry,1,7.0,Small Business,Male,3,4.0,Deluxe,3.0,Divorced,4.0,0,3,1,2.0,Manager,25433.0
45.0,Company Invited,3,12.0,Small Business,Female,2,4.0,Standard,3.0,Unmarried,7.0,0,4,1,0.0,Senior Manager,23865.0
52.0,Self Enquiry,1,10.0,Small Business,Female,4,4.0,Super Deluxe,4.0,Single,5.0,0,5,1,2.0,AVP,32412.0
30.0,Self Enquiry,1,26.0,Large Business,Male,3,4.0,Deluxe,3.0,Married,6.0,0,5,1,1.0,Manager,22940.0
33.0,Self Enquiry,1,10.0,Salaried,Female,3,4.0,Standard,3.0,Single,5.0,0,1,1,1.0,Senior Manager,29837.0
56.0,Company Invited,1,9.0,Salaried,Male,4,4.0,Standard,4.0,Married,5.0,0,1,0,2.0,Senior Manager,29654.0
39.0,Self Enquiry,1,22.0,Salaried,Male,4,5.0,Standard,3.0,Married,2.0,1,5,1,2.0,Senior Manager,30188.0
37.0,Self Enquiry,1,8.0,Large Business,Female,4,6.0,Standard,5.0,Married,4.0,1,1,1,1.0,Senior Manager,28930.0
21.0,Self Enquiry,1,16.0,Salaried,Female,2,4.0,Basic,5.0,Single,2.0,0,3,0,1.0,Executive,16416.0
29.0,Company Invited,3,6.0,Small Business,Female,2,3.0,Standard,3.0,Divorced,2.0,0,3,1,0.0,Senior Manager,22918.0
26.0,Company Invited,1,12.0,Salaried,Male,3,1.0,Basic,3.0,Married,1.0,0,4,1,1.0,Executive,17544.0
43.0,Self Enquiry,1,12.0,Small Business,Female,2,4.0,King,3.0,Married,1.0,0,3,1,1.0,VP,34392.0
31.0,Self Enquiry,1,14.0,Salaried,Male,3,4.0,Deluxe,3.0,Married,3.0,0,5,1,2.0,Manager,22169.0
40.0,Self Enquiry,1,10.0,Small Business,Female,2,3.0,King,3.0,Divorced,2.0,0,5,0,1.0,VP,34033.0
39.0,Company Invited,2,9.0,Salaried,Male,4,4.0,Basic,4.0,Married,7.0,0,3,1,3.0,Executive,21270.0
40.0,Self Enquiry,1,20.0,Small Business,Male,2,4.0,King,3.0,Single,2.0,0,3,1,1.0,VP,34626.0
32.0,Company Invited,1,27.0,Salaried,Male,4,4.0,Standard,3.0,Married,5.0,0,3,1,1.0,Senior Manager,28502.0
23.0,Company Invited,1,33.0,Salaried,Female,3,5.0,Basic,3.0,Married,3.0,1,3,0,1.0,Executive,21492.0
30.0,Self Enquiry,1,9.0,Salaried,Male,4,4.0,Basic,4.0,Married,2.0,0,4,1,1.0,Executive,21381.0
32.0,Self Enquiry,3,14.0,Salaried,Male,3,5.0,Standard,3.0,Married,2.0,0,3,1,1.0,Senior Manager,30235.0
35.0,Self Enquiry,1,14.0,Salaried,Female,3,4.0,Standard,4.0,Single,2.0,0,5,0,1.0,Senior Manager,30672.0
30.0,Self Enquiry,1,14.0,Small Business,Female,4,5.0,Basic,3.0,Married,8.0,0,5,1,1.0,Executive,21210.0
43.0,Self Enquiry,1,18.0,Salaried,Male,2,4.0,Super Deluxe,4.0,Married,2.0,0,3,1,1.0,AVP,29336.0
34.0,Company Invited,1,9.0,Salaried,Male,2,3.0,Deluxe,3.0,Unmarried,1.0,0,1,1,0.0,Manager,22756.0
41.0,Self Enquiry,3,26.0,Small Business,Female,3,3.0,Basic,4.0,Single,2.0,1,4,0,2.0,Executive,18140.0
35.0,Company Invited,3,5.0,Salaried,Male,3,3.0,Standard,5.0,Married,2.0,0,4,0,0.0,Senior Manager,24069.0
60.0,Company Invited,3,34.0,Small Business,Female,3,4.0,Standard,5.0,Divorced,5.0,0,2,1,0.0,Senior Manager,25266.0
39.0,Company Invited,1,9.0,Salaried,Male,3,4.0,Basic,3.0,Married,3.0,1,5,1,1.0,Executive,20380.0
27.0,Self Enquiry,1,7.0,Salaried,Female,3,5.0,Basic,3.0,Married,3.0,1,4,0,1.0,Executive,21611.0
39.0,Self Enquiry,3,8.0,Salaried,Male,2,1.0,Standard,3.0,Unmarried,1.0,0,2,1,1.0,Senior Manager,22880.0
38.0,Company Invited,1,18.0,Salaried,Male,1,4.0,Deluxe,5.0,Married,3.0,0,5,1,0.0,Manager,21288.0
42.0,Self Enquiry,3,13.0,Salaried,Female,4,4.0,Standard,3.0,Single,5.0,1,1,0,1.0,Senior Manager,32269.0
32.0,Self Enquiry,3,14.0,Salaried,Male,3,5.0,Standard,3.0,Married,2.0,0,3,1,1.0,Senior Manager,30235.0
46.0,Self Enquiry,3,15.0,Small Business,Male,3,4.0,Standard,3.0,Unmarried,2.0,0,5,1,2.0,Senior Manager,24619.0
26.0,Self Enquiry,1,16.0,Salaried,Male,3,4.0,Basic,5.0,Single,5.0,0,1,1,1.0,Executive,20774.0
42.0,Self Enquiry,1,23.0,Salaried,Female,2,2.0,Deluxe,5.0,Unmarried,4.0,1,2,0,0.0,Manager,21545.0
53.0,Self Enquiry,1,11.0,Salaried,Female,2,3.0,King,3.0,Married,5.0,0,5,0,1.0,VP,34094.0
44.0,Self Enquiry,1,13.0,Small Business,Female,2,4.0,Standard,3.0,Married,4.0,0,4,0,0.0,Senior Manager,25248.0
43.0,Self Enquiry,1,9.0,Salaried,Male,4,5.0,Deluxe,3.0,Unmarried,5.0,0,1,1,1.0,Manager,25459.0
38.0,Company Invited,1,9.0,Salaried,Male,4,5.0,Deluxe,3.0,Married,7.0,0,2,0,2.0,Manager,23841.0
35.0,Self Enquiry,3,14.0,Salaried,Female,3,3.0,Basic,3.0,Divorced,2.0,0,3,0,0.0,Executive,17572.0
21.0,Self Enquiry,1,21.0,Salaried,Male,3,3.0,Basic,3.0,Single,2.0,0,5,1,1.0,Executive,16232.0
30.0,Self Enquiry,3,8.0,Large Business,Male,3,3.0,Basic,4.0,Divorced,2.0,0,3,1,2.0,Executive,17476.0
44.0,Company Invited,1,17.0,Salaried,Female,3,5.0,Deluxe,3.0,Married,3.0,0,3,0,1.0,Manager,23935.0
33.0,Self Enquiry,1,13.0,Salaried,Male,3,4.0,Basic,3.0,Unmarried,5.0,0,2,0,2.0,Executive,21716.0
29.0,Self Enquiry,3,15.0,Small Business,Female,2,5.0,Basic,4.0,Single,2.0,0,1,1,1.0,Executive,17760.0
36.0,Self Enquiry,3,24.0,Salaried,Male,4,4.0,Deluxe,5.0,Married,5.0,1,3,0,3.0,Manager,27644.0
38.0,Company Invited,1,18.0,Salaried,Male,2,4.0,Deluxe,5.0,Married,3.0,0,5,1,0.0,Manager,21288.0
41.0,Self Enquiry,3,6.0,Salaried,Female,3,3.0,Deluxe,3.0,Single,1.0,1,4,0,2.0,Manager,20993.0
20.0,Company Invited,1,17.0,Small Business,Female,4,5.0,Basic,4.0,Single,3.0,1,5,1,2.0,Executive,20537.0
29.0,Self Enquiry,3,12.0,Small Business,Male,3,4.0,Deluxe,5.0,Unmarried,2.0,0,1,1,1.0,Manager,27141.0
29.0,Company Invited,1,7.0,Small Business,Male,3,5.0,Basic,4.0,Married,3.0,0,4,0,1.0,Executive,21274.0
38.0,Company Invited,1,15.0,Salaried,Male,3,3.0,Deluxe,5.0,Married,5.0,0,3,0,2.0,Manager,21893.0
37.0,Self Enquiry,1,6.0,Salaried,Female,2,3.0,Basic,3.0,Single,2.0,0,1,1,0.0,Executive,17115.0
43.0,Self Enquiry,1,8.0,Small Business,Female,3,1.0,Basic,3.0,Married,2.0,0,1,1,2.0,Executive,17645.0
31.0,Company Invited,1,13.0,Salaried,Female,2,4.0,Standard,3.0,Married,2.0,0,1,1,0.0,Senior Manager,23943.0
33.0,Company Invited,1,12.0,Large Business,Male,4,4.0,Basic,4.0,Unmarried,4.0,0,3,1,2.0,Executive,21396.0
55.0,Self Enquiry,1,8.0,Small Business,Female,2,5.0,King,3.0,Divorced,5.0,0,4,1,1.0,VP,34187.0
27.0,Self Enquiry,3,14.0,Small Business,Female,2,3.0,Deluxe,4.0,Married,2.0,0,1,0,1.0,Manager,21214.0
30.0,Self Enquiry,3,17.0,Small Business,Male,3,4.0,Basic,4.0,Married,3.0,0,1,1,1.0,Executive,20975.0
33.0,Self Enquiry,1,34.0,Salaried,Male,3,3.0,Deluxe,3.0,Married,2.0,1,1,1,0.0,Manager,20207.0
37.0,Self Enquiry,1,17.0,Salaried,Male,3,4.0,Standard,5.0,Married,2.0,1,5,1,2.0,Senior Manager,26999.0
53.0,Self Enquiry,1,10.0,Small Business,Male,3,5.0,Standard,3.0,Married,4.0,1,1,1,1.0,Senior Manager,26647.0
27.0,Company Invited,1,12.0,Small Business,Female,3,5.0,Basic,3.0,Married,3.0,1,1,0,2.0,Executive,21044.0
48.0,Self Enquiry,3,9.0,Salaried,Female,4,5.0,Basic,3.0,Unmarried,3.0,1,1,0,1.0,Executive,21972.0
36.0,Self Enquiry,1,28.0,Salaried,Female,3,4.0,Deluxe,3.0,Divorced,3.0,1,3,0,2.0,Manager,22692.0
36.0,Company Invited,1,9.0,Small Business,Male,1,3.0,Basic,4.0,Single,5.0,0,4,1,0.0,Executive,17088.0
36.0,Company Invited,1,11.0,Salaried,Male,3,5.0,Basic,3.0,Married,3.0,0,1,1,2.0,Executive,21054.0
55.0,Company Invited,1,8.0,Salaried,Male,3,3.0,Standard,4.0,Married,4.0,0,1,0,1.0,Senior Manager,25976.0
47.0,Self Enquiry,1,25.0,Small Business,Female,3,4.0,Deluxe,3.0,Married,4.0,0,5,0,1.0,Manager,23488.0
37.0,Self Enquiry,3,9.0,Salaried,Male,4,4.0,Basic,3.0,Unmarried,5.0,1,3,0,1.0,Executive,21322.0
33.0,Self Enquiry,1,9.0,Small Business,Female,4,4.0,Basic,4.0,Married,3.0,0,4,0,2.0,Executive,21048.0
25.0,Self Enquiry,1,24.0,Small Business,Female,3,5.0,Deluxe,3.0,Married,3.0,0,3,0,1.0,Manager,23055.0
35.0,Company Invited,1,14.0,Salaried,Male,4,6.0,Deluxe,3.0,Unmarried,3.0,1,5,1,2.0,Manager,24752.0
30.0,Self Enquiry,2,13.0,Small Business,Male,3,5.0,Basic,4.0,Married,3.0,0,3,1,2.0,Executive,21482.0
31.0,Company Invited,3,11.0,Small Business,Female,2,3.0,Basic,4.0,Married,2.0,0,3,0,1.0,Executive,17789.0
40.0,Company Invited,1,16.0,Salaried,Male,4,4.0,Deluxe,4.0,Unmarried,2.0,0,1,1,1.0,Manager,25460.0
25.0,Self Enquiry,1,24.0,Salaried,Female,4,4.0,Basic,4.0,Married,3.0,0,1,1,3.0,Executive,20888.0
48.0,Company Invited,3,10.0,Small Business,Female,3,4.0,Super Deluxe,3.0,Married,2.0,1,5,1,2.0,AVP,32448.0
54.0,Self Enquiry,3,31.0,Salaried,Male,4,4.0,Standard,5.0,Single,8.0,1,3,1,3.0,Senior Manager,29126.0
45.0,Self Enquiry,1,15.0,Salaried,Male,2,3.0,Deluxe,4.0,Married,1.0,0,4,1,0.0,Manager,17348.0
40.0,Self Enquiry,3,10.0,Small Business,Female,3,4.0,Deluxe,3.0,Divorced,6.0,1,4,1,2.0,Manager,23916.0
53.0,Company Invited,1,6.0,Small Business,Female,2,4.0,Super Deluxe,3.0,Married,5.0,1,1,0,0.0,AVP,27965.0
36.0,Self Enquiry,1,13.0,Salaried,Male,4,4.0,Basic,3.0,Divorced,2.0,1,3,1,2.0,Executive,22184.0
29.0,Self Enquiry,1,35.0,Salaried,Male,3,5.0,Deluxe,3.0,Married,1.0,0,5,1,2.0,Manager,21384.0
40.0,Self Enquiry,3,32.0,Small Business,Male,3,3.0,Deluxe,5.0,Divorced,2.0,0,2,1,1.0,Manager,23396.0
35.0,Company Invited,1,17.0,Small Business,Male,3,4.0,Basic,3.0,Married,3.0,1,3,1,1.0,Executive,22493.0
41.0,Self Enquiry,3,8.0,Salaried,Male,2,3.0,Super Deluxe,4.0,Single,2.0,0,3,1,0.0,AVP,31015.0
46.0,Self Enquiry,3,8.0,Salaried,Male,3,3.0,Standard,3.0,Married,5.0,1,3,0,2.0,Senior Manager,25368.0
43.0,Self Enquiry,1,7.0,Salaried,Female,4,4.0,Basic,5.0,Married,5.0,0,3,1,2.0,Executive,21254.0
24.0,Self Enquiry,1,33.0,Salaried,Male,3,4.0,Basic,3.0,Married,3.0,0,2,1,2.0,Executive,21582.0
54.0,Self Enquiry,3,13.0,Small Business,Male,3,4.0,Deluxe,3.0,Married,4.0,1,5,0,2.0,Manager,20984.0
27.0,Self Enquiry,3,14.0,Small Business,Female,2,3.0,Deluxe,4.0,Divorced,2.0,0,2,0,0.0,Manager,21214.0
29.0,Self Enquiry,1,29.0,Salaried,Male,2,3.0,Basic,3.0,Single,1.0,0,3,0,0.0,Executive,17201.0
26.0,Self Enquiry,3,6.0,Salaried,Male,2,3.0,Deluxe,3.0,Married,2.0,0,5,0,1.0,Manager,20296.0
27.0,Company Invited,1,7.0,Salaried,Female,3,4.0,Deluxe,4.0,Married,3.0,0,5,0,2.0,Manager,25075.0
38.0,Company Invited,1,9.0,Salaried,Male,2,3.0,Basic,3.0,Divorced,4.0,0,3,1,1.0,Executive,17821.0
57.0,Self Enquiry,1,6.0,Salaried,Male,3,1.0,Deluxe,3.0,Divorced,1.0,0,3,1,2.0,Manager,19900.0
35.0,Self Enquiry,3,9.0,Salaried,Male,3,4.0,Deluxe,3.0,Unmarried,3.0,0,5,0,2.0,Manager,24952.0
39.0,Self Enquiry,1,9.0,Salaried,Male,3,4.0,Deluxe,3.0,Married,2.0,0,1,1,2.0,Manager,25231.0
51.0,Self Enquiry,1,9.0,Small Business,Female,3,3.0,Super Deluxe,4.0,Single,4.0,0,5,0,1.0,AVP,28734.0
51.0,Self Enquiry,1,17.0,Large Business,Male,4,5.0,Standard,3.0,Single,8.0,0,5,1,2.0,Senior Manager,29174.0
29.0,Company Invited,3,11.0,Small Business,Male,3,4.0,Deluxe,3.0,Married,3.0,0,1,0,1.0,Manager,22899.0
29.0,Self Enquiry,1,21.0,Salaried,Female,3,5.0,Basic,3.0,Married,1.0,1,5,1,1.0,Executive,17168.0
31.0,Self Enquiry,3,11.0,Salaried,Female,3,3.0,Deluxe,3.0,Married,2.0,0,1,0,2.0,Manager,20476.0
50.0,Company Invited,3,14.0,Large Business,Male,2,3.0,Deluxe,3.0,Divorced,4.0,1,5,1,0.0,Manager,21796.0
31.0,Self Enquiry,1,16.0,Small Business,Male,3,5.0,Basic,3.0,Single,3.0,0,4,1,2.0,Executive,20884.0
33.0,Self Enquiry,1,9.0,Small Business,Male,3,4.0,Deluxe,4.0,Married,6.0,0,4,1,2.0,Manager,23561.0
26.0,Self Enquiry,1,31.0,Salaried,Male,2,5.0,Basic,3.0,Single,2.0,0,1,0,0.0,Executive,17293.0
33.0,Self Enquiry,3,22.0,Small Business,Female,3,3.0,Deluxe,5.0,Single,6.0,0,3,1,0.0,Manager,20324.0
36.0,Self Enquiry,1,8.0,Salaried,Female,3,3.0,Basic,3.0,Divorced,5.0,0,5,1,0.0,Executive,17543.0
33.0,Self Enquiry,1,7.0,Small Business,Male,3,4.0,Deluxe,3.0,Married,3.0,1,4,1,2.0,Manager,24840.0
27.0,Self Enquiry,1,23.0,Large Business,Male,2,3.0,Basic,4.0,Divorced,1.0,1,4,1,0.0,Executive,18058.0
35.0,Self Enquiry,1,13.0,Salaried,Female,3,5.0,Deluxe,4.0,Married,8.0,0,3,0,2.0,Manager,23183.0
57.0,Self Enquiry,1,6.0,Small Business,Male,2,3.0,Deluxe,3.0,Married,3.0,0,3,0,1.0,Manager,21755.0
47.0,Self Enquiry,3,17.0,Small Business,Female,4,5.0,Standard,3.0,Married,4.0,1,1,0,1.0,Senior Manager,27749.0
38.0,Self Enquiry,1,29.0,Salaried,Male,2,3.0,Deluxe,3.0,Married,1.0,0,3,0,1.0,Manager,20745.0
37.0,Company Invited,1,10.0,Large Business,Male,3,4.0,Basic,4.0,Married,3.0,0,3,0,2.0,Executive,22370.0
35.0,Self Enquiry,1,9.0,Salaried,Male,3,5.0,Deluxe,5.0,Married,8.0,0,4,0,2.0,Manager,24635.0
58.0,Self Enquiry,1,8.0,Large Business,Female,3,4.0,Standard,3.0,Married,1.0,0,5,0,0.0,Senior Manager,17372.0
46.0,Self Enquiry,3,9.0,Salaried,Female,2,3.0,Super Deluxe,4.0,Divorced,1.0,0,4,1,0.0,AVP,31606.0
42.0,Company Invited,3,18.0,Salaried,Male,2,3.0,Super Deluxe,5.0,Single,1.0,1,5,1,1.0,AVP,28758.0
45.0,Company Invited,1,31.0,Small Business,Male,3,6.0,Basic,3.0,Unmarried,4.0,0,3,0,1.0,Executive,22386.0
32.0,Self Enquiry,3,6.0,Small Business,Female,2,3.0,Standard,3.0,Married,2.0,0,5,1,0.0,Senior Manager,25422.0
22.0,Self Enquiry,1,25.0,Salaried,Female,4,4.0,Basic,3.0,Unmarried,3.0,0,3,1,3.0,Executive,21371.0
35.0,Company Invited,1,10.0,Salaried,Male,2,4.0,Basic,3.0,Married,2.0,0,1,1,1.0,Executive,17376.0
44.0,Self Enquiry,1,16.0,Salaried,Male,3,3.0,Basic,3.0,Single,2.0,1,3,1,2.0,Executive,17936.0
33.0,Company Invited,1,6.0,Salaried,Female,3,3.0,Standard,3.0,Unmarried,2.0,1,2,1,0.0,Senior Manager,28458.0
44.0,Self Enquiry,1,8.0,Salaried,Female,3,1.0,Basic,3.0,Married,2.0,0,4,1,2.0,Executive,17011.0
47.0,Self Enquiry,1,28.0,Small Business,Female,4,4.0,Deluxe,4.0,Married,6.0,0,3,1,3.0,Manager,27604.0
40.0,Self Enquiry,2,9.0,Salaried,Female,3,5.0,Deluxe,3.0,Divorced,2.0,0,3,0,1.0,Manager,23882.0
43.0,Self Enquiry,1,10.0,Salaried,Female,4,2.0,Deluxe,3.0,Divorced,4.0,1,5,0,1.0,Manager,23909.0
34.0,Self Enquiry,3,6.0,Small Business,Male,3,1.0,Deluxe,3.0,Married,1.0,0,5,1,2.0,Manager,24725.0
40.0,Company Invited,1,16.0,Salaried,Male,4,4.0,Deluxe,4.0,Unmarried,22.0,0,2,1,1.0,Manager,25460.0
37.0,Self Enquiry,1,25.0,Salaried,Male,2,3.0,Deluxe,3.0,Married,4.0,0,1,0,0.0,Manager,20768.0
32.0,Self Enquiry,3,12.0,Salaried,Female,4,4.0,Deluxe,3.0,Married,3.0,0,1,0,3.0,Manager,24154.0
36.0,Self Enquiry,1,14.0,Salaried,Male,3,4.0,Standard,3.0,Single,5.0,0,3,0,2.0,Senior Manager,28899.0
39.0,Company Invited,1,10.0,Salaried,Male,3,4.0,Basic,3.0,Married,5.0,0,3,1,1.0,Executive,21499.0
37.0,Company Invited,1,6.0,Small Business,Female,1,3.0,Standard,3.0,Married,3.0,1,3,0,0.0,Senior Manager,28603.0
29.0,Self Enquiry,1,26.0,Small Business,Male,4,5.0,Basic,5.0,Married,3.0,0,3,1,2.0,Executive,21874.0
43.0,Self Enquiry,1,9.0,Small Business,Female,3,5.0,Basic,5.0,Married,2.0,1,4,1,2.0,Executive,21271.0
39.0,Self Enquiry,1,11.0,Small Business,Female,3,4.0,Basic,3.0,Married,2.0,0,5,0,1.0,Executive,21984.0
32.0,Company Invited,3,11.0,Salaried,Male,2,3.0,Deluxe,4.0,Married,2.0,0,3,1,1.0,Manager,21524.0
28.0,Company Invited,3,6.0,Large Business,Male,3,3.0,Basic,3.0,Divorced,4.0,0,3,1,0.0,Executive,17909.0
48.0,Self Enquiry,1,26.0,Small Business,Male,2,3.0,Basic,3.0,Divorced,5.0,0,2,0,0.0,Executive,17259.0
35.0,Self Enquiry,3,34.0,Salaried,Female,3,4.0,Basic,3.0,Married,1.0,0,4,1,2.0,Executive,17430.0
31.0,Self Enquiry,3,17.0,Small Business,Male,4,5.0,Deluxe,3.0,Married,3.0,0,1,0,2.0,Manager,25256.0
40.0,Self Enquiry,3,31.0,Small Business,Male,2,4.0,Standard,4.0,Unmarried,3.0,1,5,0,1.0,Senior Manager,24094.0
25.0,Company Invited,1,16.0,Salaried,Male,3,5.0,Basic,4.0,Married,3.0,0,5,0,2.0,Executive,21372.0
49.0,Self Enquiry,3,36.0,Small Business,Female,4,4.0,Standard,3.0,Divorced,5.0,0,4,0,1.0,Senior Manager,31182.0
42.0,Self Enquiry,3,16.0,Salaried,Male,4,4.0,Standard,3.0,Married,5.0,1,2,0,2.0,Senior Manager,26867.0
42.0,Company Invited,3,17.0,Small Business,Male,3,6.0,Deluxe,4.0,Unmarried,3.0,0,1,1,1.0,Manager,24829.0
21.0,Self Enquiry,1,6.0,Large Business,Female,3,4.0,Basic,4.0,Single,2.0,1,5,0,2.0,Executive,17070.0
45.0,Self Enquiry,3,7.0,Salaried,Male,3,4.0,Deluxe,5.0,Married,2.0,0,4,1,2.0,Manager,33061.0
36.0,Self Enquiry,1,35.0,Salaried,Male,3,2.0,Deluxe,3.0,Married,3.0,0,5,1,1.0,Manager,22085.0
39.0,Self Enquiry,1,18.0,Small Business,Male,3,3.0,Deluxe,4.0,Married,5.0,0,3,1,1.0,Manager,20295.0
31.0,Self Enquiry,3,16.0,Small Business,Female,2,3.0,Deluxe,3.0,Married,3.0,1,1,0,0.0,Manager,21583.0
38.0,Self Enquiry,1,6.0,Salaried,Female,2,3.0,Standard,3.0,Unmarried,5.0,1,2,0,1.0,Senior Manager,22861.0
52.0,Self Enquiry,1,6.0,Salaried,Male,3,3.0,Super Deluxe,3.0,Divorced,3.0,0,2,1,1.0,AVP,32099.0
33.0,Company Invited,1,6.0,Salaried,Female,3,3.0,Standard,3.0,Unmarried,2.0,1,1,1,0.0,Senior Manager,28458.0
21.0,Self Enquiry,1,6.0,Large Business,Female,3,4.0,Basic,4.0,Single,2.0,1,5,1,1.0,Executive,17070.0
33.0,Self Enquiry,1,8.0,Salaried,Male,2,3.0,Basic,3.0,Single,1.0,0,3,0,1.0,Executive,17500.0
33.0,Company Invited,1,9.0,Salaried,Female,3,4.0,Deluxe,3.0,Unmarried,6.0,1,5,1,2.0,Manager,23676.0
23.0,Self Enquiry,1,12.0,Salaried,Male,3,3.0,Basic,4.0,Married,3.0,1,4,0,1.0,Executive,21006.0
36.0,Self Enquiry,1,32.0,Large Business,Male,4,5.0,Standard,4.0,Divorced,5.0,0,3,1,2.0,Senior Manager,29581.0
51.0,Self Enquiry,3,32.0,Small Business,Female,3,3.0,Super Deluxe,3.0,Divorced,3.0,0,3,0,1.0,AVP,31307.0
23.0,Company Invited,1,10.0,Salaried,Male,3,5.0,Basic,3.0,Married,2.0,1,3,0,2.0,Executive,21531.0
40.0,Self Enquiry,3,8.0,Small Business,Female,2,3.0,Deluxe,4.0,Married,1.0,0,2,0,1.0,Manager,20715.0
41.0,Self Enquiry,1,8.0,Salaried,Female,2,5.0,Basic,3.0,Married,5.0,1,3,0,0.0,Executive,17778.0
43.0,Company Invited,1,12.0,Salaried,Male,4,4.0,Basic,3.0,Divorced,6.0,0,3,1,1.0,Executive,20771.0
46.0,Self Enquiry,1,27.0,Small Business,Male,4,4.0,Super Deluxe,3.0,Divorced,2.0,1,3,0,1.0,AVP,32174.0
34.0,Company Invited,1,28.0,Salaried,Male,2,4.0,Deluxe,3.0,Married,2.0,1,1,1,0.0,Manager,20747.0
30.0,Self Enquiry,3,10.0,Small Business,Female,3,4.0,Deluxe,4.0,Married,2.0,1,3,1,0.0,Manager,20209.0
44.0,Company Invited,1,30.0,Salaried,Male,2,3.0,Basic,3.0,Married,4.0,1,5,0,1.0,Executive,18161.0
39.0,Self Enquiry,1,24.0,Salaried,Female,4,5.0,Standard,3.0,Divorced,2.0,0,2,0,3.0,Senior Manager,27501.0
51.0,Self Enquiry,1,9.0,Large Business,Female,2,3.0,Standard,3.0,Married,3.0,0,4,1,1.0,Senior Manager,28116.0
29.0,Self Enquiry,1,7.0,Salaried,Female,4,6.0,Basic,4.0,Single,2.0,1,1,1,3.0,Executive,20894.0
32.0,Company Invited,1,10.0,Small Business,Male,4,4.0,Standard,3.0,Married,2.0,0,4,1,3.0,Senior Manager,32353.0
57.0,Self Enquiry,1,15.0,Salaried,Female,4,4.0,Basic,5.0,Married,6.0,1,4,1,2.0,Executive,22935.0
28.0,Self Enquiry,3,19.0,Small Business,Female,2,3.0,Deluxe,3.0,Unmarried,4.0,1,5,1,1.0,Manager,24854.0
20.0,Self Enquiry,3,8.0,Small Business,Female,2,3.0,Basic,3.0,Single,2.0,0,4,0,0.0,Executive,17783.0
34.0,Self Enquiry,1,28.0,Small Business,Male,4,2.0,Basic,4.0,Married,3.0,0,1,1,2.0,Executive,20706.0
40.0,Company Invited,1,9.0,Large Business,Female,4,4.0,Standard,3.0,Single,2.0,0,1,1,3.0,Senior Manager,29616.0
27.0,Self Enquiry,1,9.0,Small Business,Male,3,2.0,Deluxe,3.0,Divorced,3.0,0,3,1,2.0,Manager,24150.0
31.0,Company Invited,1,21.0,Small Business,Male,3,3.0,Basic,3.0,Married,2.0,0,4,1,0.0,Executive,17610.0
44.0,Self Enquiry,1,9.0,Salaried,Male,2,3.0,King,3.0,Divorced,5.0,1,2,1,0.0,VP,34513.0
43.0,Self Enquiry,1,16.0,Salaried,Male,4,5.0,King,3.0,Single,2.0,0,1,1,2.0,VP,38291.0
37.0,Self Enquiry,1,10.0,Salaried,Male,2,3.0,Basic,3.0,Divorced,1.0,1,5,1,1.0,Executive,17996.0
27.0,Self Enquiry,3,35.0,Small Business,Male,4,4.0,Deluxe,4.0,Divorced,3.0,0,3,1,1.0,Manager,24950.0
31.0,Company Invited,1,15.0,Small Business,Male,2,4.0,Basic,5.0,Single,1.0,1,3,0,1.0,Executive,17321.0
47.0,Company Invited,1,14.0,Small Business,Female,2,4.0,Deluxe,3.0,Divorced,4.0,0,5,0,1.0,Manager,23936.0
32.0,Self Enquiry,1,11.0,Small Business,Female,4,2.0,Basic,3.0,Married,2.0,0,5,1,3.0,Executive,22656.0
56.0,Self Enquiry,1,15.0,Small Business,Female,3,4.0,Super Deluxe,3.0,Married,4.0,1,3,1,2.0,AVP,33434.0
46.0,Self Enquiry,3,9.0,Salaried,Male,4,4.0,Deluxe,4.0,Divorced,2.0,0,5,1,1.0,Manager,23483.0
35.0,Self Enquiry,3,15.0,Large Business,Male,4,2.0,Deluxe,3.0,Married,3.0,0,1,0,3.0,Manager,25477.0
32.0,Self Enquiry,3,9.0,Salaried,Male,4,4.0,Deluxe,3.0,Unmarried,6.0,1,5,1,2.0,Manager,25260.0
37.0,Company Invited,1,10.0,Small Business,Male,2,4.0,Basic,4.0,Single,6.0,0,4,1,1.0,Executive,20766.0
33.0,Self Enquiry,3,11.0,Salaried,Female,3,4.0,Basic,4.0,Married,4.0,0,3,1,2.0,Executive,22609.0
33.0,Company Invited,3,14.0,Salaried,Female,2,4.0,Basic,3.0,Single,1.0,0,2,1,1.0,Executive,17342.0
34.0,Self Enquiry,3,6.0,Large Business,Male,3,4.0,Standard,3.0,Divorced,2.0,1,1,1,1.0,Senior Manager,22083.0
53.0,Self Enquiry,1,9.0,Small Business,Male,2,3.0,Super Deluxe,3.0,Married,4.0,1,5,1,0.0,AVP,32584.0
28.0,Self Enquiry,1,9.0,Salaried,Female,3,4.0,Deluxe,3.0,Married,2.0,0,5,1,1.0,Manager,22905.0
29.0,Self Enquiry,1,12.0,Large Business,Male,3,4.0,Basic,3.0,Unmarried,3.0,1,2,1,1.0,Executive,22119.0
36.0,Self Enquiry,1,12.0,Salaried,Female,2,1.0,Basic,3.0,Married,4.0,0,1,0,0.0,Executive,18038.0
27.0,Self Enquiry,1,10.0,Salaried,Male,2,1.0,Deluxe,4.0,Married,2.0,1,4,1,0.0,Manager,21142.0
39.0,Self Enquiry,1,17.0,Small Business,Female,4,4.0,Deluxe,3.0,Divorced,5.0,0,3,1,3.0,Manager,28502.0
36.0,Company Invited,1,9.0,Small Business,Female,3,4.0,Deluxe,4.0,Unmarried,7.0,0,1,0,1.0,Manager,23103.0
20.0,Self Enquiry,1,10.0,Small Business,Female,4,4.0,Basic,4.0,Single,3.0,0,3,1,3.0,Executive,20161.0
44.0,Self Enquiry,2,6.0,Salaried,Female,2,4.0,Deluxe,3.0,Single,5.0,0,5,1,1.0,Manager,20985.0
42.0,Company Invited,2,14.0,Salaried,Female,3,4.0,Basic,3.0,Married,7.0,0,5,1,1.0,Executive,32861.0
36.0,Self Enquiry,1,16.0,Salaried,Male,2,3.0,Standard,5.0,Married,1.0,1,5,1,1.0,Senior Manager,23321.0
21.0,Company Invited,3,24.0,Small Business,Female,3,3.0,Deluxe,3.0,Married,1.0,1,5,0,1.0,Manager,17625.0
44.0,Self Enquiry,1,9.0,Small Business,Female,4,2.0,Basic,3.0,Married,3.0,0,1,1,3.0,Executive,21323.0
28.0,Self Enquiry,3,9.0,Small Business,Male,3,4.0,Basic,5.0,Married,2.0,0,5,1,2.0,Executive,21719.0
37.0,Self Enquiry,1,6.0,Salaried,Female,2,3.0,Basic,3.0,Single,2.0,0,2,1,1.0,Executive,17115.0
35.0,Company Invited,3,24.0,Salaried,Male,3,3.0,Standard,5.0,Divorced,2.0,0,4,1,0.0,Senior Manager,24069.0
36.0,Company Invited,1,18.0,Small Business,Male,4,5.0,Standard,5.0,Divorced,4.0,1,5,1,2.0,Senior Manager,28562.0
34.0,Self Enquiry,1,16.0,Salaried,Male,2,3.0,Basic,4.0,Married,2.0,0,1,1,1.0,Executive,17008.0
44.0,Self Enquiry,3,9.0,Small Business,Male,4,4.0,Deluxe,3.0,Married,3.0,1,3,0,1.0,Manager,26525.0
26.0,Self Enquiry,2,31.0,Salaried,Female,3,3.0,Basic,3.0,Divorced,2.0,0,4,1,0.0,Executive,17942.0
36.0,Self Enquiry,3,35.0,Salaried,Female,4,5.0,Basic,3.0,Married,2.0,0,4,1,3.0,Executive,21108.0
46.0,Self Enquiry,3,8.0,Small Business,Female,2,3.0,King,5.0,Single,4.0,0,2,0,1.0,VP,33947.0
28.0,Self Enquiry,1,6.0,Salaried,Female,3,5.0,Basic,4.0,Single,1.0,1,1,1,2.0,Executive,17216.0
49.0,Company Invited,3,8.0,Small Business,Male,3,4.0,Deluxe,4.0,Married,3.0,0,3,1,2.0,Manager,20390.0
27.0,Company Invited,1,7.0,Salaried,Female,3,4.0,Deluxe,4.0,Married,3.0,0,5,1,2.0,Manager,25075.0
30.0,Self Enquiry,3,17.0,Small Business,Male,3,4.0,Basic,4.0,Married,3.0,0,2,0,2.0,Executive,20975.0
27.0,Self Enquiry,1,22.0,Large Business,Female,2,3.0,Basic,4.0,Married,1.0,0,1,1,0.0,Executive,17811.0
35.0,Company Invited,1,29.0,Salaried,Male,3,5.0,Deluxe,3.0,Married,3.0,1,1,1,1.0,Manager,24425.0
22.0,Self Enquiry,1,11.0,Salaried,Male,2,1.0,Basic,4.0,Married,2.0,1,4,1,0.0,Executive,17328.0
35.0,Self Enquiry,1,27.0,Large Business,Female,3,2.0,Basic,3.0,Divorced,2.0,0,1,1,1.0,Executive,21263.0
36.0,Self Enquiry,1,29.0,Salaried,Female,4,3.0,Standard,4.0,Married,2.0,0,5,1,2.0,Senior Manager,30674.0
58.0,Company Invited,1,21.0,Salaried,Male,2,3.0,Super Deluxe,3.0,Married,3.0,1,1,1,0.0,AVP,30787.0
27.0,Self Enquiry,2,32.0,Salaried,Female,4,4.0,Basic,3.0,Divorced,3.0,0,4,1,1.0,Executive,21620.0
33.0,Self Enquiry,1,9.0,Small Business,Male,3,4.0,Deluxe,4.0,Married,2.0,0,4,0,2.0,Manager,24148.0
38.0,Self Enquiry,3,13.0,Small Business,Female,2,1.0,Deluxe,5.0,Married,2.0,1,3,1,1.0,Manager,20605.0
28.0,Self Enquiry,3,9.0,Small Business,Female,3,2.0,Deluxe,3.0,Unmarried,2.0,0,1,0,2.0,Manager,25178.0
30.0,Company Invited,1,15.0,Small Business,Male,3,3.0,Deluxe,5.0,Married,2.0,0,1,1,1.0,Manager,18072.0
54.0,Self Enquiry,1,23.0,Large Business,Female,2,3.0,Standard,3.0,Divorced,1.0,0,5,1,0.0,Senior Manager,25739.0
26.0,Self Enquiry,3,10.0,Salaried,Male,4,4.0,Deluxe,5.0,Married,3.0,1,4,0,3.0,Manager,22872.0
18.0,Company Invited,3,11.0,Small Business,Male,3,3.0,Basic,4.0,Single,2.0,1,4,1,2.0,Executive,16878.0
32.0,Company Invited,1,16.0,Small Business,Male,3,5.0,Basic,5.0,Single,2.0,1,3,1,1.0,Executive,20999.0
27.0,Self Enquiry,3,7.0,Salaried,Male,3,4.0,Deluxe,3.0,Divorced,3.0,0,5,1,1.0,Manager,23974.0
40.0,Self Enquiry,1,26.0,Salaried,Male,3,4.0,Deluxe,3.0,Married,2.0,0,5,1,1.0,Manager,22580.0
29.0,Self Enquiry,2,23.0,Salaried,Male,2,4.0,Standard,5.0,Unmarried,2.0,0,3,0,0.0,Senior Manager,22988.0
28.0,Company Invited,1,10.0,Small Business,Male,4,5.0,Basic,3.0,Married,3.0,1,2,0,3.0,Executive,21244.0
31.0,Self Enquiry,1,29.0,Salaried,Female,3,4.0,Basic,3.0,Married,6.0,1,1,0,1.0,Executive,20810.0
32.0,Self Enquiry,3,13.0,Small Business,Male,4,2.0,Deluxe,3.0,Married,6.0,0,5,1,2.0,Manager,24138.0
38.0,Self Enquiry,3,17.0,Salaried,Female,3,5.0,Deluxe,3.0,Married,4.0,1,4,1,2.0,Manager,25372.0
32.0,Company Invited,1,14.0,Salaried,Female,3,5.0,Standard,3.0,Divorced,3.0,0,2,1,2.0,Senior Manager,27621.0
45.0,Self Enquiry,1,26.0,Small Business,Male,3,3.0,Super Deluxe,3.0,Married,1.0,1,3,1,1.0,AVP,28496.0
26.0,Self Enquiry,3,12.0,Small Business,Male,3,5.0,Deluxe,3.0,Unmarried,3.0,1,3,1,1.0,Manager,24422.0
34.0,Company Invited,3,17.0,Small Business,Male,3,5.0,Deluxe,3.0,Unmarried,5.0,0,3,1,1.0,Manager,23360.0
46.0,Self Enquiry,1,21.0,Salaried,Male,2,3.0,King,4.0,Married,6.0,0,3,1,1.0,VP,34081.0
36.0,Self Enquiry,3,6.0,Salaried,Female,3,3.0,Deluxe,3.0,Unmarried,7.0,0,1,1,1.0,Manager,21815.0
37.0,Self Enquiry,1,31.0,Small Business,Female,2,4.0,Deluxe,3.0,Married,1.0,0,3,0,1.0,Manager,20731.0
29.0,Company Invited,3,7.0,Large Business,Male,4,4.0,Basic,3.0,Divorced,5.0,0,3,1,1.0,Executive,21587.0
28.0,Self Enquiry,3,15.0,Salaried,Male,3,3.0,Deluxe,3.0,Single,2.0,0,3,1,1.0,Manager,20253.0
38.0,Self Enquiry,3,17.0,Salaried,Female,3,5.0,Deluxe,3.0,Married,4.0,1,4,0,1.0,Manager,25372.0
28.0,Company Invited,2,29.0,Salaried,Female,3,5.0,Basic,4.0,Married,3.0,0,1,1,1.0,Executive,21541.0
42.0,Self Enquiry,2,16.0,Salaried,Female,2,3.0,Super Deluxe,5.0,Divorced,1.0,0,3,0,1.0,AVP,31799.0
36.0,Self Enquiry,3,9.0,Small Business,Female,2,3.0,Deluxe,4.0,Unmarried,4.0,1,4,0,1.0,Manager,24278.0
50.0,Company Invited,1,26.0,Small Business,Male,2,3.0,Super Deluxe,3.0,Married,3.0,1,4,1,1.0,AVP,26245.0
29.0,Self Enquiry,1,31.0,Small Business,Male,3,4.0,Basic,4.0,Married,3.0,1,1,0,1.0,Executive,21086.0
45.0,Company Invited,3,7.0,Small Business,Female,4,4.0,Deluxe,3.0,Divorced,2.0,0,4,1,2.0,Manager,23446.0
22.0,Self Enquiry,3,19.0,Salaried,Female,3,2.0,Basic,4.0,Unmarried,3.0,0,5,0,2.0,Executive,21394.0
28.0,Self Enquiry,1,11.0,Salaried,Female,4,4.0,Basic,3.0,Single,3.0,0,2,1,2.0,Executive,20996.0
35.0,Self Enquiry,1,13.0,Salaried,Female,3,5.0,Deluxe,4.0,Married,8.0,0,3,1,1.0,Manager,23183.0
54.0,Self Enquiry,1,31.0,Small Business,Male,3,2.0,Standard,3.0,Married,5.0,0,3,0,2.0,Senior Manager,25683.0
33.0,Company Invited,1,10.0,Large Business,Male,2,3.0,Deluxe,4.0,Married,6.0,0,1,0,0.0,Manager,18055.0
42.0,Self Enquiry,3,7.0,Small Business,Male,3,3.0,Standard,5.0,Divorced,3.0,0,3,1,2.0,Senior Manager,27070.0
33.0,Self Enquiry,3,22.0,Salaried,Female,3,3.0,Standard,5.0,Unmarried,3.0,1,5,0,0.0,Senior Manager,23564.0
60.0,Self Enquiry,2,13.0,Small Business,Male,3,4.0,Basic,3.0,Married,2.0,0,4,0,1.0,Executive,20945.0
34.0,Self Enquiry,3,9.0,Small Business,Female,3,4.0,Deluxe,3.0,Married,4.0,1,3,0,0.0,Manager,23103.0
23.0,Self Enquiry,3,8.0,Large Business,Male,3,3.0,Basic,5.0,Married,4.0,0,3,1,2.0,Executive,17322.0
57.0,Self Enquiry,1,7.0,Salaried,Female,3,4.0,Basic,5.0,Divorced,4.0,0,5,1,2.0,Executive,20744.0
32.0,Company Invited,1,9.0,Salaried,Male,4,4.0,Basic,3.0,Divorced,8.0,1,3,1,2.0,Executive,22400.0
34.0,Self Enquiry,3,17.0,Small Business,Male,3,4.0,Deluxe,3.0,Unmarried,3.0,0,1,0,1.0,Manager,24165.0
46.0,Self Enquiry,1,9.0,Salaried,Female,4,5.0,Basic,3.0,Single,3.0,0,3,1,1.0,Executive,20952.0
39.0,Company Invited,1,8.0,Large Business,Female,3,3.0,Standard,3.0,Unmarried,1.0,0,1,1,2.0,Senior Manager,25938.0
25.0,Self Enquiry,3,10.0,Salaried,Female,3,4.0,Deluxe,3.0,Married,2.0,0,4,0,1.0,Manager,23677.0
31.0,Self Enquiry,1,16.0,Small Business,Male,3,5.0,Basic,3.0,Single,3.0,0,4,0,2.0,Executive,20884.0
20.0,Self Enquiry,1,5.0,Salaried,Male,2,4.0,Basic,3.0,Single,2.0,0,3,0,0.0,Executive,18033.0
34.0,Self Enquiry,1,6.0,Salaried,Female,3,1.0,Basic,3.0,Single,3.0,0,2,0,0.0,Executive,18280.0
34.0,Self Enquiry,3,6.0,Small Business,Male,2,3.0,Standard,3.0,Unmarried,2.0,0,5,1,0.0,Senior Manager,24888.0
48.0,Self Enquiry,1,10.0,Salaried,Male,3,4.0,Standard,3.0,Unmarried,1.0,0,5,1,1.0,Senior Manager,25999.0
30.0,Self Enquiry,1,8.0,Small Business,Female,2,4.0,Deluxe,3.0,Unmarried,6.0,1,1,1,1.0,Manager,21877.0
50.0,Self Enquiry,1,8.0,Small Business,Male,3,3.0,Super Deluxe,3.0,Divorced,6.0,0,2,0,1.0,AVP,32639.0
36.0,Company Invited,3,25.0,Small Business,Female,4,4.0,Deluxe,3.0,Divorced,2.0,1,5,1,3.0,Manager,23292.0
32.0,Self Enquiry,1,11.0,Salaried,Male,3,2.0,Basic,4.0,Married,1.0,1,2,1,0.0,Executive,18298.0
42.0,Company Invited,3,18.0,Salaried,Male,2,3.0,Super Deluxe,5.0,Single,1.0,1,5,1,1.0,AVP,28758.0
32.0,Self Enquiry,3,13.0,Salaried,Male,4,6.0,Deluxe,3.0,Married,6.0,1,3,0,3.0,Manager,24850.0
35.0,Company Invited,1,10.0,Salaried,Male,2,4.0,Basic,3.0,Divorced,2.0,0,2,1,0.0,Executive,17376.0
31.0,Self Enquiry,3,15.0,Salaried,Male,4,4.0,Standard,3.0,Married,7.0,0,3,1,1.0,Senior Manager,25942.0
30.0,Self Enquiry,1,34.0,Small Business,Female,4,4.0,Deluxe,3.0,Married,6.0,0,1,0,2.0,Manager,23013.0
51.0,Self Enquiry,1,16.0,Salaried,Male,4,4.0,Basic,3.0,Divorced,6.0,0,5,1,1.0,Executive,21058.0
37.0,Self Enquiry,1,11.0,Salaried,Male,3,5.0,Deluxe,3.0,Unmarried,3.0,0,5,1,2.0,Manager,24488.0
55.0,Self Enquiry,3,8.0,Small Business,Male,2,3.0,Deluxe,3.0,Single,5.0,0,2,0,1.0,Manager,20160.0
45.0,Self Enquiry,2,7.0,Salaried,Female,3,5.0,Deluxe,3.0,Unmarried,6.0,0,5,1,2.0,Manager,24663.0
54.0,Self Enquiry,1,25.0,Small Business,Female,3,3.0,Deluxe,5.0,Married,1.0,1,3,0,0.0,Manager,20485.0
41.0,Self Enquiry,1,12.0,Small Business,Male,3,4.0,Deluxe,4.0,Single,7.0,1,3,1,0.0,Manager,21032.0
25.0,Self Enquiry,1,25.0,Salaried,Male,3,4.0,Basic,3.0,Divorced,2.0,0,4,1,1.0,Executive,21452.0
49.0,Self Enquiry,1,7.0,Salaried,Male,4,5.0,Standard,3.0,Unmarried,2.0,1,5,0,1.0,Senior Manager,24059.0
55.0,Self Enquiry,1,14.0,Small Business,Female,4,4.0,Deluxe,3.0,Married,6.0,0,3,1,2.0,Manager,25532.0
30.0,Self Enquiry,1,30.0,Salaried,Male,3,3.0,Basic,3.0,Married,2.0,0,2,0,1.0,Executive,17693.0
34.0,Self Enquiry,3,14.0,Salaried,Female,3,3.0,Deluxe,5.0,Divorced,6.0,0,2,1,0.0,Manager,21500.0
34.0,Company Invited,1,11.0,Large Business,Male,3,4.0,Deluxe,4.0,Married,7.0,0,1,0,1.0,Manager,21733.0
54.0,Self Enquiry,3,14.0,Small Business,Female,4,5.0,Standard,3.0,Married,2.0,1,1,0,2.0,Senior Manager,29612.0
33.0,Self Enquiry,1,20.0,Small Business,Female,3,3.0,Basic,4.0,Married,2.0,0,5,1,1.0,Executive,17756.0
43.0,Self Enquiry,1,25.0,Salaried,Male,3,4.0,Deluxe,5.0,Married,8.0,1,1,0,1.0,Manager,24088.0
49.0,Self Enquiry,1,12.0,Salaried,Female,2,4.0,Super Deluxe,3.0,Married,3.0,1,5,1,0.0,AVP,28966.0
30.0,Company Invited,1,10.0,Large Business,Male,2,3.0,Basic,3.0,Single,19.0,1,4,1,1.0,Executive,17285.0
36.0,Self Enquiry,1,12.0,Salaried,Male,2,5.0,Basic,3.0,Married,2.0,0,1,1,0.0,Executive,17741.0
38.0,Company Invited,3,26.0,Small Business,Male,3,4.0,Standard,4.0,Unmarried,3.0,1,5,0,1.0,Senior Manager,26320.0
27.0,Self Enquiry,1,10.0,Salaried,Female,3,3.0,Basic,3.0,Single,2.0,0,2,1,1.0,Executive,17318.0
31.0,Company Invited,1,11.0,Large Business,Male,3,4.0,Basic,3.0,Single,2.0,1,4,1,1.0,Executive,20963.0
34.0,Self Enquiry,1,16.0,Small Business,Male,2,3.0,Deluxe,5.0,Single,2.0,0,4,0,0.0,Manager,21125.0
20.0,Self Enquiry,3,27.0,Small Business,Male,2,1.0,Basic,3.0,Single,2.0,0,3,0,0.0,Executive,17678.0
35.0,Company Invited,1,8.0,Small Business,Male,4,5.0,Deluxe,5.0,Unmarried,2.0,0,1,0,1.0,Manager,24021.0
31.0,Self Enquiry,3,36.0,Salaried,Male,4,4.0,Deluxe,5.0,Married,2.0,0,1,1,1.0,Manager,22793.0
26.0,Self Enquiry,3,26.0,Small Business,Male,3,5.0,Basic,4.0,Married,3.0,1,1,0,2.0,Executive,21091.0
32.0,Self Enquiry,1,18.0,Small Business,Male,4,4.0,Deluxe,5.0,Divorced,3.0,1,2,0,3.0,Manager,25511.0
52.0,Company Invited,3,8.0,Salaried,Male,3,4.0,King,3.0,Single,2.0,1,2,1,2.0,VP,34068.0
35.0,Self Enquiry,1,16.0,Salaried,Male,3,4.0,Standard,3.0,Married,2.0,0,5,1,2.0,Senior Manager,27178.0
37.0,Company Invited,1,15.0,Small Business,Male,2,3.0,Basic,3.0,Married,2.0,1,1,0,1.0,Executive,17326.0
40.0,Self Enquiry,1,26.0,Large Business,Male,3,3.0,Standard,3.0,Married,5.0,0,3,1,1.0,Senior Manager,25322.0
33.0,Self Enquiry,1,21.0,Small Business,Male,2,3.0,Standard,3.0,Married,1.0,1,5,1,0.0,Senior Manager,28610.0
39.0,Company Invited,1,13.0,Small Business,Male,2,4.0,King,3.0,Married,2.0,0,5,1,0.0,VP,34272.0
32.0,Self Enquiry,3,12.0,Large Business,Male,3,4.0,Deluxe,3.0,Married,3.0,0,5,0,2.0,Manager,27024.0
58.0,Self Enquiry,1,8.0,Salaried,Male,2,3.0,King,4.0,Single,1.0,1,3,1,0.0,VP,34246.0
48.0,Self Enquiry,1,6.0,Salaried,Male,3,4.0,King,3.0,Single,7.0,0,3,1,0.0,VP,33265.0
22.0,Company Invited,1,9.0,Salaried,Male,2,4.0,Basic,3.0,Divorced,1.0,1,3,0,0.0,Executive,17853.0
43.0,Company Invited,1,30.0,Salaried,Male,3,5.0,Deluxe,3.0,Unmarried,3.0,0,3,1,2.0,Manager,23010.0
45.0,Self Enquiry,1,15.0,Salaried,Male,4,2.0,Basic,3.0,Divorced,4.0,1,3,1,3.0,Executive,21496.0
48.0,Company Invited,3,16.0,Salaried,Male,3,6.0,Super Deluxe,3.0,Married,2.0,0,5,1,2.0,AVP,31614.0
45.0,Self Enquiry,1,10.0,Salaried,Male,3,4.0,Basic,5.0,Divorced,6.0,0,5,1,2.0,Executive,21040.0
30.0,Self Enquiry,1,28.0,Salaried,Female,2,3.0,Basic,3.0,Married,5.0,1,1,0,0.0,Executive,17132.0
45.0,Self Enquiry,1,6.0,Small Business,Female,3,3.0,Basic,3.0,Married,4.0,0,5,1,0.0,Executive,17270.0
43.0,Company Invited,3,8.0,Salaried,Male,3,3.0,Deluxe,3.0,Married,2.0,0,3,1,2.0,Manager,20675.0
36.0,Company Invited,1,9.0,Small Business,Male,4,5.0,Basic,3.0,Unmarried,2.0,1,3,1,1.0,Executive,23608.0
37.0,Self Enquiry,3,20.0,Small Business,Male,4,5.0,Deluxe,5.0,Married,7.0,1,1,1,1.0,Manager,24812.0
39.0,Self Enquiry,1,12.0,Salaried,Female,2,3.0,Standard,4.0,Unmarried,5.0,0,3,0,1.0,Senior Manager,23376.0
36.0,Company Invited,1,30.0,Salaried,Female,2,3.0,Deluxe,4.0,Married,1.0,0,3,1,1.0,Manager,20674.0
30.0,Self Enquiry,1,8.0,Salaried,Male,3,3.0,Basic,4.0,Unmarried,2.0,0,3,0,0.0,Executive,26916.0
37.0,Self Enquiry,1,13.0,Salaried,Male,3,6.0,Basic,3.0,Married,3.0,0,2,0,1.0,Executive,21419.0
61.0,Self Enquiry,1,7.0,Small Business,Male,4,6.0,Standard,3.0,Married,5.0,0,5,0,1.0,Senior Manager,29561.0
28.0,Company Invited,1,17.0,Salaried,Male,3,4.0,Standard,5.0,Married,3.0,0,3,0,2.0,Senior Manager,27471.0
21.0,Company Invited,3,16.0,Small Business,Female,3,4.0,Basic,3.0,Single,3.0,1,4,0,1.0,Executive,21001.0
48.0,Self Enquiry,3,8.0,Small Business,Male,2,1.0,Deluxe,4.0,Married,4.0,0,3,0,1.0,Manager,23120.0
39.0,Self Enquiry,1,19.0,Small Business,Female,3,4.0,Super Deluxe,4.0,Married,7.0,1,3,1,2.0,AVP,32123.0
46.0,Self Enquiry,1,6.0,Small Business,Male,2,3.0,King,3.0,Married,1.0,0,5,1,0.0,VP,34627.0
27.0,Company Invited,1,9.0,Small Business,Male,3,4.0,Basic,3.0,Married,2.0,1,2,0,2.0,Executive,17566.0
33.0,Company Invited,1,9.0,Salaried,Male,4,4.0,Basic,3.0,Unmarried,2.0,0,3,1,2.0,Executive,21746.0
42.0,Company Invited,1,14.0,Salaried,Male,3,3.0,King,3.0,Married,2.0,0,5,0,1.0,VP,33430.0
21.0,Self Enquiry,1,24.0,Salaried,Female,3,3.0,Basic,3.0,Single,2.0,0,3,1,1.0,Executive,17693.0
48.0,Self Enquiry,3,21.0,Small Business,Female,4,4.0,Deluxe,3.0,Divorced,5.0,1,5,1,1.0,Manager,23269.0
29.0,Self Enquiry,1,22.0,Salaried,Male,3,4.0,Basic,3.0,Married,3.0,0,4,1,2.0,Executive,20885.0
44.0,Self Enquiry,1,16.0,Salaried,Male,2,3.0,Deluxe,3.0,Divorced,3.0,1,3,1,1.0,Manager,21465.0
48.0,Self Enquiry,1,26.0,Small Business,Male,2,3.0,Basic,3.0,Married,5.0,0,1,1,0.0,Executive,17259.0
32.0,Company Invited,1,6.0,Salaried,Male,3,3.0,Basic,3.0,Married,1.0,0,5,1,0.0,Executive,17314.0
21.0,Self Enquiry,1,11.0,Small Business,Male,3,3.0,Basic,3.0,Single,2.0,0,1,1,1.0,Executive,18117.0
21.0,Self Enquiry,3,28.0,Small Business,Male,3,2.0,Basic,3.0,Unmarried,3.0,0,3,0,1.0,Executive,21356.0
37.0,Company Invited,1,30.0,Small Business,Male,3,2.0,Deluxe,3.0,Married,6.0,0,3,0,1.0,Manager,21249.0
45.0,Self Enquiry,1,17.0,Salaried,Male,3,4.0,Deluxe,3.0,Divorced,4.0,1,3,1,2.0,Manager,25143.0
29.0,Self Enquiry,1,22.0,Salaried,Male,3,4.0,Basic,3.0,Married,3.0,0,4,0,1.0,Executive,20885.0
60.0,Self Enquiry,1,10.0,Salaried,Male,4,5.0,Basic,3.0,Divorced,5.0,0,3,0,2.0,Executive,20855.0
31.0,Company Invited,3,32.0,Small Business,Male,3,3.0,Deluxe,3.0,Married,2.0,1,3,0,1.0,Manager,20617.0
31.0,Company Invited,1,9.0,Small Business,Male,2,3.0,Basic,5.0,Married,2.0,1,1,0,0.0,Executive,18065.0
39.0,Self Enquiry,3,17.0,Salaried,Female,4,4.0,Deluxe,3.0,Married,3.0,0,4,0,3.0,Manager,24021.0
32.0,Self Enquiry,1,15.0,Salaried,Female,3,3.0,Deluxe,3.0,Married,2.0,1,5,1,2.0,Manager,21322.0
55.0,Self Enquiry,3,10.0,Small Business,Female,3,4.0,Deluxe,5.0,Married,4.0,0,4,1,1.0,Manager,24618.0
32.0,Self Enquiry,1,6.0,Small Business,Male,2,3.0,Deluxe,3.0,Married,2.0,1,4,1,1.0,Manager,21162.0
36.0,Self Enquiry,1,16.0,Salaried,Female,4,5.0,Standard,3.0,Married,3.0,1,4,1,3.0,Senior Manager,29363.0
36.0,Self Enquiry,1,30.0,Small Business,Female,2,4.0,Basic,5.0,Divorced,5.0,1,4,1,1.0,Executive,22692.0
38.0,Company Invited,1,13.0,Salaried,Male,2,1.0,Basic,3.0,Married,2.0,0,3,0,0.0,Executive,17610.0
32.0,Self Enquiry,3,15.0,Salaried,Male,3,4.0,Standard,3.0,Married,3.0,0,3,1,1.0,Senior Manager,29471.0
30.0,Self Enquiry,3,12.0,Small Business,Male,3,5.0,Deluxe,4.0,Married,3.0,1,5,0,1.0,Manager,22865.0
29.0,Company Invited,1,9.0,Salaried,Male,3,5.0,Basic,3.0,Divorced,3.0,1,4,1,1.0,Executive,22545.0
36.0,Self Enquiry,1,6.0,Salaried,Female,2,3.0,Deluxe,4.0,Divorced,1.0,0,5,0,0.0,Manager,20228.0
28.0,Self Enquiry,1,12.0,Large Business,Male,3,5.0,Standard,3.0,Married,3.0,1,3,1,2.0,Senior Manager,31486.0
27.0,Self Enquiry,1,10.0,Salaried,Female,3,3.0,Basic,3.0,Single,2.0,0,1,0,0.0,Executive,17318.0
49.0,Company Invited,1,14.0,Salaried,Male,3,4.0,Deluxe,4.0,Married,2.0,0,1,0,0.0,Manager,20130.0
41.0,Self Enquiry,3,33.0,Small Business,Male,4,4.0,Deluxe,5.0,Married,3.0,0,1,1,3.0,Manager,27074.0
34.0,Company Invited,3,8.0,Small Business,Female,3,3.0,Basic,3.0,Married,7.0,0,5,0,0.0,Executive,17231.0
37.0,Company Invited,3,10.0,Small Business,Male,2,3.0,Basic,3.0,Married,5.0,0,4,1,0.0,Executive,17177.0
28.0,Self Enquiry,1,8.0,Salaried,Male,3,4.0,Basic,4.0,Married,1.0,0,1,0,2.0,Executive,18201.0
43.0,Company Invited,1,9.0,Small Business,Male,3,4.0,Basic,3.0,Single,7.0,1,1,1,2.0,Executive,21193.0
36.0,Self Enquiry,1,8.0,Salaried,Female,3,3.0,Deluxe,4.0,Married,5.0,1,4,0,0.0,Manager,21962.0
49.0,Self Enquiry,1,7.0,Salaried,Female,3,5.0,Super Deluxe,5.0,Married,2.0,0,4,0,1.0,AVP,34080.0
41.0,Self Enquiry,1,6.0,Salaried,Male,3,3.0,Basic,3.0,Married,4.0,0,1,0,0.0,Executive,17782.0
50.0,Self Enquiry,1,15.0,Salaried,Female,3,4.0,Standard,4.0,Married,6.0,0,4,0,2.0,Senior Manager,26081.0
26.0,Company Invited,1,12.0,Salaried,Male,3,2.0,Deluxe,5.0,Married,3.0,0,5,1,2.0,Manager,22678.0
32.0,Self Enquiry,2,29.0,Salaried,Male,3,6.0,Basic,3.0,Married,3.0,0,1,0,2.0,Executive,28530.0
35.0,Self Enquiry,1,22.0,Salaried,Male,3,3.0,Standard,3.0,Married,5.0,1,1,0,0.0,Senior Manager,22632.0
42.0,Company Invited,1,11.0,Salaried,Male,3,3.0,Basic,3.0,Divorced,5.0,0,3,1,0.0,Executive,17093.0
50.0,Company Invited,1,8.0,Salaried,Male,3,3.0,Super Deluxe,5.0,Married,2.0,0,5,1,1.0,AVP,32924.0
40.0,Company Invited,1,9.0,Salaried,Male,3,4.0,Super Deluxe,3.0,Married,2.0,0,3,1,1.0,AVP,30847.0
35.0,Self Enquiry,3,35.0,Small Business,Female,4,5.0,Deluxe,3.0,Married,3.0,0,5,1,1.0,Manager,25390.0
19.0,Self Enquiry,1,8.0,Salaried,Male,2,4.0,Basic,3.0,Single,2.0,0,5,1,0.0,Executive,16102.0
55.0,Self Enquiry,1,6.0,Small Business,Male,2,1.0,Super Deluxe,3.0,Married,3.0,0,5,1,0.0,AVP,29732.0
19.0,Company Invited,3,6.0,Large Business,Female,3,5.0,Basic,5.0,Single,1.0,0,3,1,1.0,Executive,17325.0
49.0,Self Enquiry,1,11.0,Salaried,Male,3,4.0,Standard,3.0,Unmarried,3.0,0,5,1,2.0,Senior Manager,26576.0
48.0,Company Invited,1,23.0,Small Business,Male,4,2.0,Deluxe,3.0,Married,3.0,1,2,0,1.0,Manager,23745.0
38.0,Self Enquiry,1,7.0,Salaried,Female,3,4.0,Basic,3.0,Single,3.0,0,1,1,1.0,Executive,20793.0
27.0,Self Enquiry,1,13.0,Salaried,Female,3,5.0,Basic,4.0,Divorced,3.0,0,3,1,1.0,Executive,21046.0
56.0,Self Enquiry,1,13.0,Salaried,Male,2,5.0,Standard,3.0,Unmarried,5.0,0,1,0,0.0,Senior Manager,22260.0
40.0,Self Enquiry,1,6.0,Salaried,Male,3,3.0,Super Deluxe,5.0,Married,3.0,0,3,1,2.0,AVP,31823.0
41.0,Self Enquiry,3,32.0,Small Business,Male,3,5.0,Standard,4.0,Unmarried,4.0,1,5,0,2.0,Senior Manager,27772.0
27.0,Self Enquiry,1,30.0,Salaried,Female,3,4.0,Basic,3.0,Married,3.0,0,3,0,1.0,Executive,21564.0
55.0,Self Enquiry,1,9.0,Large Business,Female,3,4.0,Standard,3.0,Married,2.0,0,4,0,1.0,Senior Manager,32227.0
28.0,Company Invited,1,30.0,Large Business,Male,3,4.0,Standard,5.0,Unmarried,2.0,0,2,0,0.0,Senior Manager,23722.0
34.0,Self Enquiry,3,23.0,Small Business,Female,4,4.0,Deluxe,5.0,Unmarried,7.0,0,3,1,1.0,Manager,24002.0
20.0,Company Invited,1,12.0,Salaried,Female,3,4.0,Basic,3.0,Single,2.0,1,2,1,1.0,Executive,17926.0
34.0,Self Enquiry,1,21.0,Small Business,Female,4,4.0,Basic,4.0,Divorced,3.0,0,5,0,1.0,Executive,21434.0
22.0,Self Enquiry,3,14.0,Small Business,Male,3,4.0,Basic,4.0,Unmarried,3.0,0,5,1,2.0,Executive,21357.0
34.0,Self Enquiry,3,9.0,Small Business,Male,4,4.0,Deluxe,3.0,Married,3.0,0,3,1,2.0,Manager,24183.0
23.0,Self Enquiry,1,32.0,Salaried,Male,2,3.0,Basic,3.0,Married,2.0,0,1,0,1.0,Executive,17904.0
49.0,Company Invited,1,7.0,Small Business,Male,3,2.0,Super Deluxe,3.0,Single,4.0,0,2,0,1.0,AVP,35563.0
37.0,Company Invited,2,9.0,Salaried,Male,4,5.0,Deluxe,3.0,Unmarried,3.0,0,3,1,1.0,Manager,22564.0
38.0,Company Invited,2,8.0,Salaried,Male,3,3.0,Basic,4.0,Married,6.0,0,3,1,2.0,Executive,17592.0
45.0,Self Enquiry,1,14.0,Small Business,Female,3,5.0,Standard,3.0,Divorced,5.0,0,4,1,1.0,Senior Manager,28926.0
46.0,Self Enquiry,1,8.0,Large Business,Male,2,3.0,Deluxe,3.0,Married,3.0,0,1,0,0.0,Manager,22379.0
47.0,Company Invited,3,9.0,Small Business,Female,2,3.0,Super Deluxe,3.0,Married,1.0,1,5,1,0.0,AVP,28770.0
32.0,Self Enquiry,1,8.0,Small Business,Female,3,3.0,Basic,4.0,Divorced,2.0,0,4,0,0.0,Executive,17370.0
48.0,Company Invited,1,23.0,Small Business,Male,4,2.0,Deluxe,3.0,Married,3.0,1,1,1,1.0,Manager,23745.0
20.0,Self Enquiry,1,6.0,Salaried,Female,2,4.0,Basic,4.0,Single,2.0,0,4,1,0.0,Executive,17836.0
36.0,Company Invited,1,32.0,Salaried,Female,4,4.0,Basic,4.0,Married,3.0,1,3,1,2.0,Executive,20700.0
33.0,Self Enquiry,3,14.0,Small Business,Male,2,3.0,Deluxe,3.0,Married,1.0,0,1,0,0.0,Manager,22104.0
40.0,Self Enquiry,1,8.0,Small Business,Female,2,1.0,Deluxe,3.0,Married,6.0,0,3,1,0.0,Manager,21377.0
42.0,Self Enquiry,1,8.0,Small Business,Male,2,3.0,Super Deluxe,5.0,Married,1.0,0,3,1,0.0,AVP,32665.0
33.0,Company Invited,3,8.0,Small Business,Female,3,3.0,Deluxe,4.0,Single,1.0,0,1,0,0.0,Manager,20147.0
31.0,Self Enquiry,3,13.0,Small Business,Male,3,3.0,Deluxe,3.0,Married,5.0,0,1,0,0.0,Manager,22547.0
27.0,Company Invited,3,26.0,Salaried,Female,2,3.0,Deluxe,3.0,Unmarried,2.0,0,2,1,1.0,Manager,24981.0
35.0,Self Enquiry,1,6.0,Small Business,Female,2,4.0,Deluxe,3.0,Divorced,1.0,0,1,1,1.0,Manager,20363.0
41.0,Self Enquiry,1,31.0,Large Business,Male,4,4.0,Deluxe,3.0,Married,3.0,0,3,1,2.0,Manager,21997.0
42.0,Self Enquiry,1,13.0,Small Business,Female,3,1.0,Deluxe,4.0,Divorced,7.0,1,1,0,0.0,Manager,17372.0
40.0,Self Enquiry,1,16.0,Salaried,Female,2,2.0,Basic,3.0,Divorced,4.0,1,3,0,1.0,Executive,17213.0
52.0,Self Enquiry,3,11.0,Salaried,Male,3,3.0,Standard,4.0,Unmarried,1.0,1,4,1,1.0,Senior Manager,23446.0
47.0,Self Enquiry,3,7.0,Small Business,Female,4,4.0,Standard,5.0,Married,3.0,0,1,1,3.0,Senior Manager,29131.0
44.0,Company Invited,1,7.0,Salaried,Female,3,4.0,Deluxe,3.0,Married,6.0,0,1,1,2.0,Manager,24240.0
27.0,Self Enquiry,3,30.0,Small Business,Female,3,5.0,Deluxe,3.0,Married,2.0,1,1,0,1.0,Manager,22835.0
32.0,Self Enquiry,1,19.0,Small Business,Female,4,4.0,Basic,3.0,Married,2.0,1,4,1,2.0,Executive,22607.0
39.0,Self Enquiry,3,7.0,Salaried,Female,3,5.0,Deluxe,3.0,Unmarried,6.0,0,2,1,2.0,Manager,27364.0
32.0,Company Invited,1,8.0,Salaried,Male,3,3.0,Basic,3.0,Single,1.0,0,3,1,1.0,Executive,18068.0
27.0,Self Enquiry,1,20.0,Salaried,Male,2,3.0,Basic,5.0,Married,2.0,1,4,1,0.0,Executive,17235.0
45.0,Self Enquiry,3,7.0,Small Business,Female,4,4.0,Deluxe,5.0,Married,7.0,1,1,1,2.0,Manager,24132.0
31.0,Self Enquiry,3,12.0,Salaried,Female,3,4.0,Standard,3.0,Divorced,4.0,0,4,1,2.0,Senior Manager,28097.0
51.0,Company Invited,1,14.0,Salaried,Male,2,5.0,Standard,3.0,Unmarried,3.0,0,2,0,1.0,Senior Manager,25650.0
21.0,Self Enquiry,3,18.0,Salaried,Female,2,2.0,Basic,4.0,Single,2.0,0,5,0,1.0,Executive,17716.0
25.0,Self Enquiry,3,10.0,Salaried,Female,3,4.0,Deluxe,3.0,Divorced,2.0,0,4,1,1.0,Manager,23677.0
34.0,Self Enquiry,3,15.0,Small Business,Male,3,4.0,Deluxe,3.0,Married,2.0,0,2,1,2.0,Manager,25782.0
52.0,Self Enquiry,1,17.0,Salaried,Female,2,3.0,Deluxe,3.0,Divorced,1.0,0,2,1,1.0,Manager,18149.0
36.0,Self Enquiry,3,7.0,Small Business,Male,4,4.0,Standard,4.0,Divorced,3.0,0,4,1,3.0,Senior Manager,25973.0
30.0,Self Enquiry,1,34.0,Small Business,Female,3,3.0,Deluxe,3.0,Divorced,2.0,0,3,0,2.0,Manager,20775.0
50.0,Company Invited,3,18.0,Small Business,Female,3,3.0,Standard,3.0,Unmarried,5.0,0,5,1,2.0,Senior Manager,24208.0
54.0,Self Enquiry,3,13.0,Small Business,Male,3,4.0,Deluxe,3.0,Divorced,4.0,1,5,0,1.0,Manager,20984.0
31.0,Company Invited,1,16.0,Small Business,Male,4,4.0,Deluxe,5.0,Married,3.0,0,2,0,2.0,Manager,21750.0
41.0,Self Enquiry,3,15.0,Salaried,Male,3,3.0,Standard,3.0,Married,4.0,1,2,0,1.0,Senior Manager,23189.0
34.0,Self Enquiry,1,15.0,Salaried,Male,3,2.0,Basic,5.0,Married,8.0,0,3,1,2.0,Executive,21821.0
18.0,Company Invited,1,14.0,Small Business,Male,3,3.0,Basic,3.0,Single,2.0,0,5,0,0.0,Executive,16904.0
30.0,Company Invited,1,7.0,Large Business,Male,3,4.0,Deluxe,3.0,Married,3.0,0,3,0,1.0,Manager,22997.0
48.0,Self Enquiry,1,6.0,Salaried,Female,2,4.0,Super Deluxe,5.0,Married,1.0,0,4,0,0.0,AVP,30402.0
52.0,Self Enquiry,1,10.0,Salaried,Female,1,3.0,Super Deluxe,3.0,Married,3.0,0,5,1,0.0,AVP,31555.0
57.0,Company Invited,1,16.0,Small Business,Female,4,4.0,Basic,3.0,Married,4.0,0,1,1,1.0,Executive,21620.0
53.0,Self Enquiry,3,12.0,Small Business,Male,2,3.0,Deluxe,3.0,Divorced,3.0,1,5,0,0.0,Manager,17306.0
38.0,Company Invited,1,35.0,Salaried,Female,2,3.0,Deluxe,3.0,Single,2.0,0,3,1,0.0,Manager,17406.0
46.0,Company Invited,1,30.0,Salaried,Male,3,4.0,Deluxe,5.0,Married,3.0,1,1,1,1.0,Manager,22311.0
38.0,Company Invited,1,16.0,Small Business,Male,3,3.0,Basic,3.0,Married,1.0,0,5,0,0.0,Executive,17684.0
33.0,Company Invited,1,7.0,Salaried,Female,4,5.0,Basic,4.0,Divorced,8.0,0,3,1,1.0,Executive,21010.0
45.0,Company Invited,1,30.0,Small Business,Male,4,4.0,Deluxe,4.0,Married,6.0,0,3,0,2.0,Manager,20720.0
44.0,Self Enquiry,1,15.0,Salaried,Female,4,4.0,Deluxe,3.0,Married,6.0,1,1,1,1.0,Manager,23200.0
41.0,Self Enquiry,3,6.0,Salaried,Female,3,3.0,Deluxe,3.0,Single,1.0,1,2,1,0.0,Manager,20993.0
34.0,Company Invited,3,15.0,Salaried,Female,3,5.0,Basic,3.0,Single,2.0,0,1,0,2.0,Executive,21020.0
39.0,Company Invited,1,15.0,Salaried,Male,2,3.0,King,3.0,Single,3.0,0,4,0,1.0,VP,34431.0
60.0,Self Enquiry,3,32.0,Salaried,Female,5,4.0,Standard,5.0,Unmarried,2.0,0,3,1,2.0,Senior Manager,26315.0
32.0,Self Enquiry,1,10.0,Salaried,Female,3,4.0,Deluxe,3.0,Married,2.0,0,4,1,1.0,Manager,21162.0
39.0,Company Invited,1,31.0,Salaried,Male,3,3.0,Standard,3.0,Divorced,4.0,0,1,0,0.0,Senior Manager,25920.0
51.0,Self Enquiry,1,13.0,Small Business,Male,2,4.0,Deluxe,3.0,Married,3.0,0,3,1,1.0,Manager,21132.0
30.0,Self Enquiry,3,17.0,Salaried,Male,4,4.0,Basic,3.0,Unmarried,3.0,0,4,1,1.0,Executive,21320.0
55.0,Self Enquiry,3,15.0,Small Business,Female,2,5.0,Basic,4.0,Single,2.0,0,1,1,1.0,Executive,34187.0
32.0,Company Invited,1,19.0,Salaried,Female,3,4.0,Basic,4.0,Married,2.0,0,5,1,0.0,Executive,17743.0
29.0,Self Enquiry,1,8.0,Large Business,Male,4,5.0,Basic,5.0,Single,8.0,0,3,1,2.0,Executive,20758.0
34.0,Self Enquiry,3,8.0,Salaried,Male,2,3.0,Deluxe,3.0,Single,2.0,0,5,0,1.0,Manager,21274.0
27.0,Company Invited,3,7.0,Small Business,Male,3,5.0,Deluxe,5.0,Unmarried,3.0,0,3,1,2.0,Manager,22972.0
54.0,Self Enquiry,3,8.0,Salaried,Female,2,4.0,Standard,3.0,Divorced,7.0,0,5,1,0.0,Senior Manager,25686.0
